outage_id,feeder_id,substation_id,start_time,end_time,duration_hours,cause,customers_affected,equipment_involved,weather_related
OUT-00001,FDR-0001,SUB-001,2024-04-03 05:00,2024-04-03 05:42,0.7,storm damage,584,switch,1
OUT-00002,FDR-0001,SUB-001,2024-06-29 05:00,2024-06-29 12:09,7.16,vehicle accident,1061,transformer,0
OUT-00003,FDR-0001,SUB-001,2024-08-14 01:00,2024-08-14 10:44,9.74,animal contact,1220,fuse,0
OUT-00004,FDR-0001,SUB-001,2024-09-07 09:00,2024-09-07 09:52,0.88,dig-in,1576,overhead line,0
OUT-00005,FDR-0002,SUB-001,2024-08-08 05:00,2024-08-08 12:36,7.61,lightning,239,cable,1
OUT-00006,FDR-0002,SUB-001,2024-05-12 20:00,2024-05-13 05:16,9.27,tree contact,331,fuse,1
OUT-00007,FDR-0002,SUB-001,2024-09-27 12:00,2024-09-27 21:47,9.79,equipment failure,744,switch,0
OUT-00008,FDR-0002,SUB-001,2024-07-18 11:00,2024-07-18 21:30,10.5,vehicle accident,891,fuse,0
OUT-00009,FDR-0002,SUB-001,2024-02-12 22:00,2024-02-13 04:05,6.09,scheduled maintenance,93,switch,0
OUT-00010,FDR-0003,SUB-001,2024-01-23 05:00,2024-01-23 07:18,2.3,tree contact,377,cable,1
OUT-00011,FDR-0003,SUB-001,2024-01-08 05:00,2024-01-08 14:19,9.32,equipment failure,28,overhead line,0
OUT-00012,FDR-0003,SUB-001,2024-04-19 14:00,2024-04-20 00:37,10.62,tree contact,254,cable,1
OUT-00013,FDR-0003,SUB-001,2024-07-06 21:00,2024-07-06 22:24,1.41,equipment failure,161,overhead line,0
OUT-00014,FDR-0003,SUB-001,2024-12-29 19:00,2024-12-29 19:30,0.5,tree contact,153,cable,1
OUT-00015,FDR-0003,SUB-001,2024-06-04 13:00,2024-06-04 20:41,7.69,storm damage,178,recloser,1
OUT-00016,FDR-0003,SUB-001,2024-03-20 20:00,2024-03-20 23:56,3.94,vehicle accident,118,overhead line,0
OUT-00017,FDR-0004,SUB-001,2024-12-01 23:00,2024-12-02 03:22,4.37,storm damage,385,switch,1
OUT-00018,FDR-0004,SUB-001,2024-04-06 09:00,2024-04-06 14:27,5.45,storm damage,908,cable,1
OUT-00019,FDR-0004,SUB-001,2024-08-01 11:00,2024-08-01 20:46,9.78,underground cable fault,909,fuse,0
OUT-00020,FDR-0004,SUB-001,2024-07-27 13:00,2024-07-27 17:49,4.83,overload,1573,switch,0
OUT-00021,FDR-0004,SUB-001,2024-11-09 20:00,2024-11-09 23:06,3.11,scheduled maintenance,982,overhead line,0
OUT-00022,FDR-0004,SUB-001,2024-07-19 12:00,2024-07-19 12:52,0.87,storm damage,767,cable,1
OUT-00023,FDR-0005,SUB-002,2024-07-17 11:00,2024-07-17 17:15,6.26,storm damage,688,switch,1
OUT-00024,FDR-0005,SUB-002,2024-07-15 05:00,2024-07-15 09:20,4.34,vehicle accident,987,recloser,0
OUT-00025,FDR-0005,SUB-002,2024-07-16 07:00,2024-07-16 17:00,10.0,tree contact,1309,transformer,1
OUT-00026,FDR-0005,SUB-002,2024-11-18 22:00,2024-11-19 07:52,9.87,vehicle accident,1277,fuse,0
OUT-00027,FDR-0005,SUB-002,2024-03-08 22:00,2024-03-09 03:43,5.72,lightning,1401,fuse,1
OUT-00028,FDR-0005,SUB-002,2024-05-07 14:00,2024-05-07 14:51,0.85,vehicle accident,1220,transformer,0
OUT-00029,FDR-0006,SUB-002,2024-03-21 22:00,2024-03-22 07:28,9.48,animal contact,612,fuse,0
OUT-00030,FDR-0006,SUB-002,2024-11-02 04:00,2024-11-02 12:27,8.46,dig-in,1164,switch,0
OUT-00031,FDR-0006,SUB-002,2024-08-07 08:00,2024-08-07 10:21,2.36,equipment failure,1224,switch,0
OUT-00032,FDR-0006,SUB-002,2024-12-03 06:00,2024-12-03 16:53,10.89,overload,1681,transformer,0
OUT-00033,FDR-0007,SUB-002,2024-06-13 16:00,2024-06-13 18:26,2.44,underground cable fault,899,overhead line,0
OUT-00034,FDR-0007,SUB-002,2024-11-24 08:00,2024-11-24 11:18,3.3,overload,614,recloser,0
OUT-00035,FDR-0007,SUB-002,2024-07-05 01:00,2024-07-05 10:00,9.01,scheduled maintenance,1466,transformer,0
OUT-00036,FDR-0007,SUB-002,2024-05-27 20:00,2024-05-27 20:21,0.35,tree contact,191,switch,1
OUT-00037,FDR-0007,SUB-002,2024-02-17 04:00,2024-02-17 14:41,10.69,storm damage,1286,overhead line,1
OUT-00038,FDR-0007,SUB-002,2024-10-11 09:00,2024-10-11 10:56,1.94,scheduled maintenance,1184,recloser,0
OUT-00039,FDR-0007,SUB-002,2024-01-13 03:00,2024-01-13 03:19,0.33,animal contact,298,transformer,0
OUT-00040,FDR-0007,SUB-002,2024-03-04 15:00,2024-03-04 15:48,0.81,dig-in,1211,recloser,0
OUT-00041,FDR-0008,SUB-003,2024-11-13 07:00,2024-11-13 11:41,4.69,vehicle accident,929,fuse,0
OUT-00042,FDR-0008,SUB-003,2024-01-11 12:00,2024-01-11 13:01,1.02,equipment failure,1910,cable,0
OUT-00043,FDR-0008,SUB-003,2024-09-14 11:00,2024-09-14 13:01,2.03,scheduled maintenance,243,transformer,0
OUT-00044,FDR-0008,SUB-003,2024-10-07 09:00,2024-10-07 15:46,6.78,vehicle accident,1987,transformer,0
OUT-00045,FDR-0009,SUB-003,2024-09-12 11:00,2024-09-12 14:10,3.17,lightning,489,recloser,1
OUT-00046,FDR-0009,SUB-003,2024-03-01 00:00,2024-03-01 04:58,4.97,equipment failure,196,transformer,0
OUT-00047,FDR-0009,SUB-003,2024-09-25 22:00,2024-09-25 23:42,1.7,animal contact,257,transformer,0
OUT-00048,FDR-0010,SUB-003,2024-03-16 16:00,2024-03-17 01:30,9.51,underground cable fault,930,switch,0
OUT-00049,FDR-0010,SUB-003,2024-10-22 19:00,2024-10-22 20:40,1.68,scheduled maintenance,654,fuse,0
OUT-00050,FDR-0010,SUB-003,2024-11-21 04:00,2024-11-21 13:21,9.35,animal contact,60,cable,0
OUT-00051,FDR-0011,SUB-003,2024-11-05 08:00,2024-11-05 14:42,6.7,scheduled maintenance,1126,fuse,0
OUT-00052,FDR-0011,SUB-003,2024-07-24 22:00,2024-07-25 08:49,10.82,dig-in,571,overhead line,0
OUT-00053,FDR-0011,SUB-003,2024-08-08 11:00,2024-08-08 18:50,7.84,overload,1869,recloser,0
OUT-00054,FDR-0011,SUB-003,2024-08-23 01:00,2024-08-23 08:40,7.68,underground cable fault,594,transformer,0
OUT-00055,FDR-0011,SUB-003,2024-08-18 09:00,2024-08-18 10:03,1.05,animal contact,70,fuse,0
OUT-00056,FDR-0011,SUB-003,2024-05-16 04:00,2024-05-16 10:15,6.25,overload,3,cable,0
OUT-00057,FDR-0011,SUB-003,2024-10-13 22:00,2024-10-13 23:10,1.18,overload,333,overhead line,0
OUT-00058,FDR-0011,SUB-003,2024-08-24 21:00,2024-08-25 03:10,6.17,underground cable fault,1003,recloser,0
OUT-00059,FDR-0012,SUB-004,2024-07-24 00:00,2024-07-24 10:04,10.07,tree contact,315,cable,1
OUT-00060,FDR-0012,SUB-004,2024-08-08 15:00,2024-08-08 16:27,1.45,dig-in,387,recloser,0
OUT-00061,FDR-0013,SUB-004,2024-07-29 19:00,2024-07-30 06:49,11.82,equipment failure,301,recloser,0
OUT-00062,FDR-0013,SUB-004,2024-03-06 12:00,2024-03-06 17:30,5.51,lightning,1660,cable,1
OUT-00063,FDR-0013,SUB-004,2024-12-11 19:00,2024-12-12 01:49,6.83,scheduled maintenance,1653,transformer,0
OUT-00064,FDR-0013,SUB-004,2024-01-22 09:00,2024-01-22 18:38,9.64,scheduled maintenance,405,cable,0
OUT-00065,FDR-0014,SUB-004,2024-09-02 22:00,2024-09-02 23:07,1.12,animal contact,1202,cable,0
OUT-00066,FDR-0014,SUB-004,2024-09-13 16:00,2024-09-13 17:39,1.66,scheduled maintenance,1245,transformer,0
OUT-00067,FDR-0014,SUB-004,2024-08-20 09:00,2024-08-20 12:00,3.01,vehicle accident,356,switch,0
OUT-00068,FDR-0014,SUB-004,2024-06-16 01:00,2024-06-16 01:24,0.41,tree contact,1851,switch,1
OUT-00069,FDR-0014,SUB-004,2024-03-03 09:00,2024-03-03 16:07,7.13,tree contact,1745,switch,1
OUT-00070,FDR-0014,SUB-004,2024-12-22 22:00,2024-12-23 04:21,6.35,underground cable fault,953,cable,0
OUT-00071,FDR-0014,SUB-004,2024-10-20 13:00,2024-10-20 17:16,4.27,overload,9,overhead line,0
OUT-00072,FDR-0015,SUB-005,2024-06-10 14:00,2024-06-10 21:36,7.6,overload,531,switch,0
OUT-00073,FDR-0015,SUB-005,2024-11-19 16:00,2024-11-19 17:21,1.35,lightning,1064,cable,1
OUT-00074,FDR-0016,SUB-005,2024-08-29 04:00,2024-08-29 07:24,3.41,tree contact,1383,cable,1
OUT-00075,FDR-0016,SUB-005,2024-03-03 13:00,2024-03-04 00:03,11.05,equipment failure,1541,cable,0
OUT-00076,FDR-0016,SUB-005,2024-06-24 05:00,2024-06-24 09:25,4.42,animal contact,668,overhead line,0
OUT-00077,FDR-0016,SUB-005,2024-04-01 23:00,2024-04-01 23:54,0.9,dig-in,1596,overhead line,0
OUT-00078,FDR-0016,SUB-005,2024-06-06 02:00,2024-06-06 05:27,3.46,equipment failure,447,fuse,0
OUT-00079,FDR-0016,SUB-005,2024-07-29 15:00,2024-07-30 02:09,11.16,storm damage,1307,overhead line,1
OUT-00080,FDR-0017,SUB-005,2024-11-06 20:00,2024-11-07 01:32,5.54,vehicle accident,1799,switch,0
OUT-00081,FDR-0017,SUB-005,2024-12-03 16:00,2024-12-04 02:31,10.53,overload,1324,switch,0
OUT-00082,FDR-0018,SUB-005,2024-04-23 07:00,2024-04-23 10:15,3.26,overload,1175,transformer,0
OUT-00083,FDR-0018,SUB-005,2024-01-09 11:00,2024-01-09 15:33,4.56,animal contact,1948,transformer,0
OUT-00084,FDR-0018,SUB-005,2024-08-26 07:00,2024-08-26 11:08,4.14,underground cable fault,1331,cable,0
OUT-00085,FDR-0018,SUB-005,2024-02-02 07:00,2024-02-02 17:06,10.11,tree contact,1149,transformer,1
OUT-00086,FDR-0019,SUB-005,2024-10-29 20:00,2024-10-29 22:19,2.32,storm damage,1376,switch,1
OUT-00087,FDR-0019,SUB-005,2024-12-23 23:00,2024-12-24 09:54,10.9,underground cable fault,131,fuse,0
OUT-00088,FDR-0019,SUB-005,2024-02-15 03:00,2024-02-15 13:33,10.56,tree contact,248,transformer,1
OUT-00089,FDR-0019,SUB-005,2024-06-09 10:00,2024-06-09 12:55,2.93,scheduled maintenance,485,cable,0
OUT-00090,FDR-0019,SUB-005,2024-10-05 04:00,2024-10-05 13:18,9.3,tree contact,1232,recloser,1
OUT-00091,FDR-0019,SUB-005,2024-07-18 21:00,2024-07-18 23:36,2.61,dig-in,884,cable,0
OUT-00092,FDR-0019,SUB-005,2024-02-13 11:00,2024-02-13 22:06,11.1,vehicle accident,1993,transformer,0
OUT-00093,FDR-0019,SUB-005,2024-11-04 18:00,2024-11-04 22:49,4.82,lightning,711,switch,1
OUT-00094,FDR-0020,SUB-005,2024-11-07 04:00,2024-11-07 07:15,3.25,overload,773,switch,0
OUT-00095,FDR-0020,SUB-005,2024-09-14 13:00,2024-09-14 19:10,6.17,vehicle accident,800,fuse,0
OUT-00096,FDR-0020,SUB-005,2024-12-19 07:00,2024-12-19 11:09,4.15,overload,564,fuse,0
OUT-00097,FDR-0020,SUB-005,2024-04-22 23:00,2024-04-23 03:01,4.03,tree contact,499,fuse,1
OUT-00098,FDR-0020,SUB-005,2024-08-27 06:00,2024-08-27 13:21,7.35,animal contact,598,recloser,0
OUT-00099,FDR-0021,SUB-006,2024-05-30 09:00,2024-05-30 11:51,2.85,vehicle accident,1916,recloser,0
OUT-00100,FDR-0021,SUB-006,2024-02-04 06:00,2024-02-04 14:42,8.7,tree contact,835,fuse,1
OUT-00101,FDR-0021,SUB-006,2024-11-23 00:00,2024-11-23 06:43,6.72,underground cable fault,1406,recloser,0
OUT-00102,FDR-0021,SUB-006,2024-04-11 08:00,2024-04-11 10:31,2.52,storm damage,85,switch,1
OUT-00103,FDR-0021,SUB-006,2024-01-25 19:00,2024-01-25 20:41,1.69,overload,498,transformer,0
OUT-00104,FDR-0022,SUB-006,2024-03-03 01:00,2024-03-03 01:30,0.51,lightning,1812,fuse,1
OUT-00105,FDR-0022,SUB-006,2024-09-09 05:00,2024-09-09 11:33,6.55,underground cable fault,2000,cable,0
OUT-00106,FDR-0023,SUB-006,2024-11-01 22:00,2024-11-02 03:04,5.08,storm damage,275,recloser,1
OUT-00107,FDR-0023,SUB-006,2024-12-16 23:00,2024-12-17 06:57,7.96,vehicle accident,1469,recloser,0
OUT-00108,FDR-0023,SUB-006,2024-11-09 22:00,2024-11-10 07:45,9.76,lightning,877,overhead line,1
OUT-00109,FDR-0023,SUB-006,2024-12-25 13:00,2024-12-25 15:52,2.88,vehicle accident,1228,fuse,0
OUT-00110,FDR-0023,SUB-006,2024-09-12 00:00,2024-09-12 08:12,8.21,overload,195,cable,0
OUT-00111,FDR-0024,SUB-006,2024-11-13 13:00,2024-11-13 14:46,1.77,vehicle accident,396,switch,0
OUT-00112,FDR-0024,SUB-006,2024-05-10 15:00,2024-05-11 01:49,10.83,dig-in,331,switch,0
OUT-00113,FDR-0024,SUB-006,2024-08-05 16:00,2024-08-06 02:57,10.96,animal contact,107,recloser,0
OUT-00114,FDR-0024,SUB-006,2024-09-03 16:00,2024-09-04 01:25,9.42,scheduled maintenance,363,recloser,0
OUT-00115,FDR-0024,SUB-006,2024-10-14 13:00,2024-10-14 23:46,10.77,dig-in,366,overhead line,0
OUT-00116,FDR-0024,SUB-006,2024-08-08 14:00,2024-08-08 19:24,5.41,equipment failure,235,overhead line,0
OUT-00117,FDR-0025,SUB-006,2024-01-17 06:00,2024-01-17 13:50,7.84,dig-in,321,transformer,0
OUT-00118,FDR-0025,SUB-006,2024-07-22 10:00,2024-07-22 15:52,5.87,storm damage,1291,cable,1
OUT-00119,FDR-0025,SUB-006,2024-02-17 20:00,2024-02-17 20:47,0.79,lightning,1130,cable,1
OUT-00120,FDR-0025,SUB-006,2024-02-28 06:00,2024-02-28 08:37,2.63,overload,1724,cable,0
OUT-00121,FDR-0025,SUB-006,2024-08-12 18:00,2024-08-12 18:37,0.62,overload,1384,overhead line,0
OUT-00122,FDR-0025,SUB-006,2024-11-30 14:00,2024-12-01 00:52,10.88,overload,529,transformer,0
OUT-00123,FDR-0026,SUB-006,2024-08-17 13:00,2024-08-17 22:26,9.44,storm damage,103,cable,1
OUT-00124,FDR-0026,SUB-006,2024-06-29 12:00,2024-06-29 22:57,10.96,animal contact,1331,transformer,0
OUT-00125,FDR-0026,SUB-006,2024-04-25 21:00,2024-04-26 07:13,10.22,lightning,1634,cable,1
OUT-00126,FDR-0026,SUB-006,2024-04-04 19:00,2024-04-05 01:08,6.14,lightning,889,transformer,1
OUT-00127,FDR-0027,SUB-007,2024-05-26 18:00,2024-05-26 23:38,5.64,scheduled maintenance,1393,switch,0
OUT-00128,FDR-0027,SUB-007,2024-11-11 09:00,2024-11-11 09:32,0.54,lightning,1875,recloser,1
OUT-00129,FDR-0027,SUB-007,2024-10-29 03:00,2024-10-29 06:44,3.74,lightning,359,cable,1
OUT-00130,FDR-0027,SUB-007,2024-05-11 18:00,2024-05-12 03:00,9.0,animal contact,519,overhead line,0
OUT-00131,FDR-0027,SUB-007,2024-11-14 21:00,2024-11-15 04:31,7.52,lightning,1448,cable,1
OUT-00132,FDR-0027,SUB-007,2024-04-14 16:00,2024-04-14 19:09,3.16,tree contact,1637,overhead line,1
OUT-00133,FDR-0027,SUB-007,2024-05-11 00:00,2024-05-11 10:42,10.7,overload,875,transformer,0
OUT-00134,FDR-0028,SUB-007,2024-07-20 10:00,2024-07-20 14:00,4.0,vehicle accident,646,switch,0
OUT-00135,FDR-0028,SUB-007,2024-09-26 13:00,2024-09-26 18:23,5.39,vehicle accident,617,fuse,0
OUT-00136,FDR-0028,SUB-007,2024-07-31 06:00,2024-07-31 09:16,3.27,equipment failure,1615,switch,0
OUT-00137,FDR-0028,SUB-007,2024-07-28 21:00,2024-07-29 08:37,11.62,dig-in,300,switch,0
OUT-00138,FDR-0028,SUB-007,2024-11-20 16:00,2024-11-20 22:26,6.44,overload,914,recloser,0
OUT-00139,FDR-0029,SUB-007,2024-03-12 16:00,2024-03-12 17:49,1.82,underground cable fault,226,switch,0
OUT-00140,FDR-0029,SUB-007,2024-01-03 17:00,2024-01-03 17:18,0.31,dig-in,482,fuse,0
OUT-00141,FDR-0029,SUB-007,2024-06-23 19:00,2024-06-24 02:39,7.66,animal contact,672,transformer,0
OUT-00142,FDR-0029,SUB-007,2024-10-26 00:00,2024-10-26 04:15,4.25,overload,1687,fuse,0
OUT-00143,FDR-0029,SUB-007,2024-10-18 23:00,2024-10-19 00:05,1.09,storm damage,1727,fuse,1
OUT-00144,FDR-0029,SUB-007,2024-02-17 16:00,2024-02-18 02:26,10.44,overload,698,switch,0
OUT-00145,FDR-0029,SUB-007,2024-12-20 04:00,2024-12-20 05:44,1.74,vehicle accident,1750,transformer,0
OUT-00146,FDR-0030,SUB-007,2024-09-27 08:00,2024-09-27 18:28,10.48,underground cable fault,521,cable,0
OUT-00147,FDR-0030,SUB-007,2024-04-12 13:00,2024-04-12 13:28,0.48,tree contact,1352,cable,1
OUT-00148,FDR-0030,SUB-007,2024-07-27 10:00,2024-07-27 12:21,2.36,overload,1468,fuse,0
OUT-00149,FDR-0030,SUB-007,2024-03-08 08:00,2024-03-08 18:57,10.96,underground cable fault,1932,overhead line,0
OUT-00150,FDR-0030,SUB-007,2024-09-19 20:00,2024-09-19 21:26,1.44,overload,1442,transformer,0
OUT-00151,FDR-0031,SUB-007,2024-11-08 00:00,2024-11-08 06:59,6.99,underground cable fault,1775,switch,0
OUT-00152,FDR-0031,SUB-007,2024-04-01 16:00,2024-04-02 02:03,10.05,overload,893,cable,0
OUT-00153,FDR-0031,SUB-007,2024-11-16 06:00,2024-11-16 16:16,10.28,vehicle accident,1188,transformer,0
OUT-00154,FDR-0032,SUB-008,2024-01-25 23:00,2024-01-26 07:37,8.63,dig-in,552,switch,0
OUT-00155,FDR-0032,SUB-008,2024-04-14 20:00,2024-04-14 23:11,3.19,lightning,998,overhead line,1
OUT-00156,FDR-0032,SUB-008,2024-01-23 08:00,2024-01-23 12:26,4.44,dig-in,1883,recloser,0
OUT-00157,FDR-0032,SUB-008,2024-03-05 03:00,2024-03-05 07:27,4.45,overload,62,switch,0
OUT-00158,FDR-0033,SUB-008,2024-12-03 04:00,2024-12-03 12:00,8.0,dig-in,89,recloser,0
OUT-00159,FDR-0033,SUB-008,2024-08-19 09:00,2024-08-19 20:37,11.63,underground cable fault,151,cable,0
OUT-00160,FDR-0033,SUB-008,2024-06-11 17:00,2024-06-11 23:45,6.75,dig-in,155,fuse,0
OUT-00161,FDR-0033,SUB-008,2024-04-28 08:00,2024-04-28 18:57,10.95,overload,357,overhead line,0
OUT-00162,FDR-0034,SUB-008,2024-09-07 18:00,2024-09-08 00:55,6.92,vehicle accident,861,fuse,0
OUT-00163,FDR-0034,SUB-008,2024-10-09 11:00,2024-10-09 11:52,0.87,scheduled maintenance,797,overhead line,0
OUT-00164,FDR-0034,SUB-008,2024-08-29 03:00,2024-08-29 08:44,5.74,lightning,1974,switch,1
OUT-00165,FDR-0034,SUB-008,2024-04-18 22:00,2024-04-19 08:06,10.11,overload,508,transformer,0
OUT-00166,FDR-0034,SUB-008,2024-09-06 13:00,2024-09-06 23:16,10.27,overload,2000,recloser,0
OUT-00167,FDR-0034,SUB-008,2024-06-13 04:00,2024-06-13 15:10,11.17,underground cable fault,1543,transformer,0
OUT-00168,FDR-0035,SUB-008,2024-09-24 01:00,2024-09-24 01:43,0.72,equipment failure,731,switch,0
OUT-00169,FDR-0035,SUB-008,2024-09-01 00:00,2024-09-01 04:58,4.98,equipment failure,827,cable,0
OUT-00170,FDR-0035,SUB-008,2024-05-08 10:00,2024-05-08 11:42,1.7,equipment failure,1593,fuse,0
OUT-00171,FDR-0035,SUB-008,2024-02-12 09:00,2024-02-12 11:35,2.59,lightning,1655,transformer,1
OUT-00172,FDR-0035,SUB-008,2024-06-12 18:00,2024-06-13 03:45,9.76,animal contact,1695,transformer,0
OUT-00173,FDR-0035,SUB-008,2024-07-29 17:00,2024-07-30 00:22,7.38,tree contact,243,recloser,1
OUT-00174,FDR-0035,SUB-008,2024-03-14 12:00,2024-03-14 12:40,0.68,animal contact,1824,cable,0
OUT-00175,FDR-0036,SUB-008,2024-03-10 18:00,2024-03-11 02:49,8.82,vehicle accident,1923,overhead line,0
OUT-00176,FDR-0036,SUB-008,2024-04-06 12:00,2024-04-06 23:39,11.66,lightning,1754,switch,1
OUT-00177,FDR-0036,SUB-008,2024-01-10 18:00,2024-01-11 02:30,8.5,dig-in,1825,recloser,0
OUT-00178,FDR-0037,SUB-008,2024-06-14 19:00,2024-06-14 23:16,4.28,overload,504,overhead line,0
OUT-00179,FDR-0037,SUB-008,2024-07-23 06:00,2024-07-23 14:03,8.06,vehicle accident,26,recloser,0
OUT-00180,FDR-0037,SUB-008,2024-05-31 02:00,2024-05-31 13:24,11.41,scheduled maintenance,411,switch,0
OUT-00181,FDR-0037,SUB-008,2024-02-10 12:00,2024-02-10 17:25,5.43,lightning,371,cable,1
OUT-00182,FDR-0037,SUB-008,2024-05-01 13:00,2024-05-01 23:51,10.85,underground cable fault,860,cable,0
OUT-00183,FDR-0037,SUB-008,2024-01-11 14:00,2024-01-11 15:12,1.21,animal contact,535,cable,0
OUT-00184,FDR-0038,SUB-009,2024-06-27 03:00,2024-06-27 11:49,8.83,overload,1132,transformer,0
OUT-00185,FDR-0038,SUB-009,2024-05-09 19:00,2024-05-10 05:14,10.24,equipment failure,1755,fuse,0
OUT-00186,FDR-0038,SUB-009,2024-09-26 02:00,2024-09-26 02:45,0.76,lightning,123,fuse,1
OUT-00187,FDR-0038,SUB-009,2024-02-03 11:00,2024-02-03 20:48,9.81,animal contact,1335,transformer,0
OUT-00188,FDR-0038,SUB-009,2024-03-27 20:00,2024-03-28 03:47,7.79,scheduled maintenance,1919,transformer,0
OUT-00189,FDR-0039,SUB-009,2024-01-11 07:00,2024-01-11 15:05,8.09,vehicle accident,595,recloser,0
OUT-00190,FDR-0039,SUB-009,2024-12-09 06:00,2024-12-09 17:08,11.14,overload,1936,switch,0
OUT-00191,FDR-0039,SUB-009,2024-03-20 20:00,2024-03-21 06:41,10.69,scheduled maintenance,1200,overhead line,0
OUT-00192,FDR-0040,SUB-009,2024-03-26 17:00,2024-03-26 20:48,3.8,overload,592,overhead line,0
OUT-00193,FDR-0040,SUB-009,2024-09-05 11:00,2024-09-05 17:51,6.86,dig-in,404,overhead line,0
OUT-00194,FDR-0040,SUB-009,2024-03-27 03:00,2024-03-27 06:17,3.29,vehicle accident,619,cable,0
OUT-00195,FDR-0040,SUB-009,2024-01-23 07:00,2024-01-23 08:39,1.66,tree contact,37,overhead line,1
OUT-00196,FDR-0040,SUB-009,2024-01-03 12:00,2024-01-03 22:02,10.04,overload,235,fuse,0
OUT-00197,FDR-0041,SUB-009,2024-07-19 06:00,2024-07-19 17:00,11.01,animal contact,25,overhead line,0
OUT-00198,FDR-0041,SUB-009,2024-02-27 10:00,2024-02-27 15:07,5.12,storm damage,120,overhead line,1
OUT-00199,FDR-0041,SUB-009,2024-10-07 19:00,2024-10-08 05:55,10.93,tree contact,544,recloser,1
OUT-00200,FDR-0041,SUB-009,2024-05-07 12:00,2024-05-07 17:18,5.3,lightning,347,recloser,1
OUT-00201,FDR-0041,SUB-009,2024-11-04 15:00,2024-11-04 21:43,6.72,underground cable fault,366,overhead line,0
OUT-00202,FDR-0041,SUB-009,2024-04-26 15:00,2024-04-26 15:37,0.63,animal contact,493,cable,0
OUT-00203,FDR-0042,SUB-009,2024-10-30 09:00,2024-10-30 09:31,0.53,underground cable fault,537,recloser,0
OUT-00204,FDR-0042,SUB-009,2024-09-19 15:00,2024-09-20 02:37,11.63,scheduled maintenance,142,switch,0
OUT-00205,FDR-0042,SUB-009,2024-06-05 01:00,2024-06-05 06:05,5.09,vehicle accident,190,cable,0
OUT-00206,FDR-0042,SUB-009,2024-10-17 11:00,2024-10-17 20:18,9.31,vehicle accident,1310,recloser,0
OUT-00207,FDR-0043,SUB-010,2024-12-09 03:00,2024-12-09 05:02,2.04,storm damage,603,transformer,1
OUT-00208,FDR-0043,SUB-010,2024-02-08 21:00,2024-02-09 06:33,9.55,scheduled maintenance,1775,switch,0
OUT-00209,FDR-0043,SUB-010,2024-02-05 21:00,2024-02-05 23:33,2.56,equipment failure,1738,switch,0
OUT-00210,FDR-0043,SUB-010,2024-11-29 00:00,2024-11-29 01:45,1.75,equipment failure,324,transformer,0
OUT-00211,FDR-0043,SUB-010,2024-03-16 03:00,2024-03-16 07:06,4.1,storm damage,816,switch,1
OUT-00212,FDR-0044,SUB-010,2024-01-04 19:00,2024-01-04 23:44,4.74,equipment failure,756,overhead line,0
OUT-00213,FDR-0044,SUB-010,2024-04-25 01:00,2024-04-25 09:43,8.72,animal contact,170,fuse,0
OUT-00214,FDR-0044,SUB-010,2024-03-03 21:00,2024-03-04 03:18,6.31,animal contact,868,overhead line,0
OUT-00215,FDR-0045,SUB-010,2024-02-12 08:00,2024-02-12 08:47,0.79,overload,1616,transformer,0
OUT-00216,FDR-0045,SUB-010,2024-08-12 17:00,2024-08-12 21:27,4.45,animal contact,814,switch,0
OUT-00217,FDR-0045,SUB-010,2024-10-17 11:00,2024-10-17 17:13,6.23,equipment failure,483,switch,0
OUT-00218,FDR-0045,SUB-010,2024-05-22 06:00,2024-05-22 11:26,5.44,vehicle accident,944,fuse,0
OUT-00219,FDR-0045,SUB-010,2024-11-28 02:00,2024-11-28 06:02,4.04,tree contact,249,cable,1
OUT-00220,FDR-0045,SUB-010,2024-11-23 19:00,2024-11-24 00:45,5.75,lightning,1859,fuse,1
OUT-00221,FDR-0045,SUB-010,2024-10-04 05:00,2024-10-04 11:30,6.51,equipment failure,878,switch,0
OUT-00222,FDR-0046,SUB-010,2024-09-08 14:00,2024-09-08 14:38,0.64,dig-in,1553,overhead line,0
OUT-00223,FDR-0046,SUB-010,2024-04-10 16:00,2024-04-10 19:21,3.35,vehicle accident,1431,recloser,0
OUT-00224,FDR-0046,SUB-010,2024-02-08 12:00,2024-02-08 21:15,9.25,scheduled maintenance,67,recloser,0
OUT-00225,FDR-0046,SUB-010,2024-06-09 11:00,2024-06-09 16:48,5.8,dig-in,778,fuse,0
OUT-00226,FDR-0046,SUB-010,2024-10-04 23:00,2024-10-05 09:34,10.57,scheduled maintenance,1338,recloser,0
OUT-00227,FDR-0047,SUB-010,2024-08-27 23:00,2024-08-28 00:03,1.06,scheduled maintenance,453,switch,0
OUT-00228,FDR-0047,SUB-010,2024-05-29 23:00,2024-05-30 07:20,8.34,scheduled maintenance,1708,switch,0
OUT-00229,FDR-0047,SUB-010,2024-01-13 20:00,2024-01-14 03:34,7.58,dig-in,1363,overhead line,0
OUT-00230,FDR-0047,SUB-010,2024-09-24 17:00,2024-09-25 02:01,9.03,overload,1582,overhead line,0
OUT-00231,FDR-0047,SUB-010,2024-01-24 05:00,2024-01-24 07:41,2.69,overload,470,switch,0
OUT-00232,FDR-0047,SUB-010,2024-11-23 20:00,2024-11-24 01:23,5.39,vehicle accident,282,overhead line,0
OUT-00233,FDR-0048,SUB-011,2024-09-16 17:00,2024-09-16 22:25,5.43,vehicle accident,1077,recloser,0
OUT-00234,FDR-0048,SUB-011,2024-08-28 10:00,2024-08-28 19:28,9.48,equipment failure,902,transformer,0
OUT-00235,FDR-0048,SUB-011,2024-08-14 02:00,2024-08-14 04:19,2.33,underground cable fault,1428,recloser,0
OUT-00236,FDR-0048,SUB-011,2024-01-25 12:00,2024-01-25 22:25,10.42,overload,1262,cable,0
OUT-00237,FDR-0048,SUB-011,2024-07-22 00:00,2024-07-22 07:44,7.74,scheduled maintenance,926,recloser,0
OUT-00238,FDR-0048,SUB-011,2024-01-16 10:00,2024-01-16 16:49,6.82,dig-in,8,recloser,0
OUT-00239,FDR-0049,SUB-011,2024-09-12 18:00,2024-09-12 23:03,5.05,underground cable fault,887,transformer,0
OUT-00240,FDR-0049,SUB-011,2024-01-13 01:00,2024-01-13 04:30,3.5,tree contact,834,overhead line,1
OUT-00241,FDR-0049,SUB-011,2024-06-05 09:00,2024-06-05 10:00,1.01,lightning,1542,recloser,1
OUT-00242,FDR-0049,SUB-011,2024-01-29 04:00,2024-01-29 10:46,6.78,tree contact,1268,recloser,1
OUT-00243,FDR-0049,SUB-011,2024-08-25 18:00,2024-08-25 22:37,4.63,storm damage,561,switch,1
OUT-00244,FDR-0049,SUB-011,2024-06-20 04:00,2024-06-20 10:47,6.79,overload,649,transformer,0
OUT-00245,FDR-0050,SUB-011,2024-11-02 08:00,2024-11-02 10:58,2.97,equipment failure,803,cable,0
OUT-00246,FDR-0050,SUB-011,2024-10-22 10:00,2024-10-22 14:54,4.9,animal contact,1744,cable,0
OUT-00247,FDR-0050,SUB-011,2024-02-12 13:00,2024-02-12 15:01,2.03,overload,1655,cable,0
OUT-00248,FDR-0050,SUB-011,2024-09-20 19:00,2024-09-20 21:58,2.98,tree contact,1901,fuse,1
OUT-00249,FDR-0050,SUB-011,2024-04-28 10:00,2024-04-28 21:55,11.93,equipment failure,1044,switch,0
OUT-00250,FDR-0050,SUB-011,2024-02-27 07:00,2024-02-27 10:36,3.6,lightning,1632,fuse,1
OUT-00251,FDR-0051,SUB-011,2024-03-09 07:00,2024-03-09 15:52,8.87,equipment failure,902,cable,0
OUT-00252,FDR-0051,SUB-011,2024-09-28 23:00,2024-09-29 09:40,10.68,scheduled maintenance,719,switch,0
OUT-00253,FDR-0051,SUB-011,2024-03-19 18:00,2024-03-19 19:04,1.08,animal contact,988,transformer,0
OUT-00254,FDR-0051,SUB-011,2024-04-24 15:00,2024-04-25 02:27,11.46,equipment failure,1315,switch,0
OUT-00255,FDR-0051,SUB-011,2024-05-10 00:00,2024-05-10 03:02,3.04,storm damage,1827,overhead line,1
OUT-00256,FDR-0051,SUB-011,2024-05-06 17:00,2024-05-07 02:07,9.12,vehicle accident,1248,cable,0
OUT-00257,FDR-0052,SUB-011,2024-08-01 14:00,2024-08-01 15:52,1.87,underground cable fault,888,transformer,0
OUT-00258,FDR-0052,SUB-011,2024-02-02 08:00,2024-02-02 11:06,3.11,tree contact,295,fuse,1
OUT-00259,FDR-0052,SUB-011,2024-12-01 14:00,2024-12-02 00:37,10.63,tree contact,794,overhead line,1
OUT-00260,FDR-0052,SUB-011,2024-03-03 22:00,2024-03-03 23:27,1.46,scheduled maintenance,1014,overhead line,0
OUT-00261,FDR-0052,SUB-011,2024-01-26 19:00,2024-01-27 03:00,8.0,animal contact,778,fuse,0
OUT-00262,FDR-0052,SUB-011,2024-01-30 00:00,2024-01-30 02:26,2.44,storm damage,1279,transformer,1
OUT-00263,FDR-0052,SUB-011,2024-01-08 15:00,2024-01-08 21:08,6.14,dig-in,1031,transformer,0
OUT-00264,FDR-0052,SUB-011,2024-05-28 19:00,2024-05-29 05:03,10.06,tree contact,503,overhead line,1
OUT-00265,FDR-0053,SUB-012,2024-02-10 17:00,2024-02-11 03:37,10.63,lightning,1442,transformer,1
OUT-00266,FDR-0053,SUB-012,2024-03-08 12:00,2024-03-08 15:16,3.28,dig-in,901,fuse,0
OUT-00267,FDR-0053,SUB-012,2024-05-14 21:00,2024-05-14 23:03,2.05,tree contact,140,transformer,1
OUT-00268,FDR-0053,SUB-012,2024-01-05 20:00,2024-01-06 00:27,4.46,dig-in,1257,cable,0
OUT-00269,FDR-0053,SUB-012,2024-04-18 05:00,2024-04-18 06:17,1.29,lightning,349,cable,1
OUT-00270,FDR-0053,SUB-012,2024-11-04 07:00,2024-11-04 18:24,11.41,underground cable fault,1233,transformer,0
OUT-00271,FDR-0053,SUB-012,2024-07-08 01:00,2024-07-08 11:50,10.84,vehicle accident,827,overhead line,0
OUT-00272,FDR-0053,SUB-012,2024-06-27 19:00,2024-06-28 02:22,7.37,dig-in,1551,overhead line,0
OUT-00273,FDR-0054,SUB-012,2024-11-21 11:00,2024-11-21 21:39,10.65,tree contact,1489,recloser,1
OUT-00274,FDR-0054,SUB-012,2024-04-18 01:00,2024-04-18 10:15,9.26,equipment failure,247,transformer,0
OUT-00275,FDR-0054,SUB-012,2024-10-27 00:00,2024-10-27 05:31,5.52,scheduled maintenance,459,cable,0
OUT-00276,FDR-0054,SUB-012,2024-08-28 16:00,2024-08-29 03:16,11.28,vehicle accident,1497,overhead line,0
OUT-00277,FDR-0054,SUB-012,2024-02-24 17:00,2024-02-24 22:52,5.88,underground cable fault,245,transformer,0
OUT-00278,FDR-0055,SUB-012,2024-11-27 10:00,2024-11-27 16:21,6.35,lightning,118,fuse,1
OUT-00279,FDR-0055,SUB-012,2024-10-11 06:00,2024-10-11 14:10,8.18,tree contact,1758,recloser,1
OUT-00280,FDR-0055,SUB-012,2024-10-04 14:00,2024-10-04 18:55,4.92,underground cable fault,1259,transformer,0
OUT-00281,FDR-0055,SUB-012,2024-10-05 10:00,2024-10-05 18:39,8.66,scheduled maintenance,432,switch,0
OUT-00282,FDR-0055,SUB-012,2024-04-13 01:00,2024-04-13 03:30,2.5,scheduled maintenance,1864,recloser,0
OUT-00283,FDR-0055,SUB-012,2024-09-27 14:00,2024-09-27 22:16,8.27,tree contact,909,cable,1
OUT-00284,FDR-0055,SUB-012,2024-03-22 07:00,2024-03-22 07:59,0.99,storm damage,1557,transformer,1
OUT-00285,FDR-0056,SUB-013,2024-01-23 06:00,2024-01-23 12:57,6.95,tree contact,1967,recloser,1
OUT-00286,FDR-0056,SUB-013,2024-10-15 03:00,2024-10-15 13:54,10.9,equipment failure,1631,transformer,0
OUT-00287,FDR-0056,SUB-013,2024-09-03 02:00,2024-09-03 07:16,5.27,overload,1389,fuse,0
OUT-00288,FDR-0057,SUB-013,2024-09-15 14:00,2024-09-15 14:24,0.41,storm damage,1738,switch,1
OUT-00289,FDR-0057,SUB-013,2024-01-10 11:00,2024-01-10 16:48,5.8,tree contact,353,cable,1
OUT-00290,FDR-0058,SUB-013,2024-05-23 08:00,2024-05-23 18:55,10.93,underground cable fault,380,recloser,0
OUT-00291,FDR-0058,SUB-013,2024-05-13 02:00,2024-05-13 06:15,4.26,storm damage,19,transformer,1
OUT-00292,FDR-0058,SUB-013,2024-09-28 09:00,2024-09-28 15:50,6.84,overload,1360,recloser,0
OUT-00293,FDR-0058,SUB-013,2024-05-03 06:00,2024-05-03 14:45,8.76,underground cable fault,325,cable,0
OUT-00294,FDR-0058,SUB-013,2024-01-28 16:00,2024-01-29 02:30,10.5,vehicle accident,114,overhead line,0
OUT-00295,FDR-0058,SUB-013,2024-06-03 20:00,2024-06-03 22:11,2.19,scheduled maintenance,1188,transformer,0
OUT-00296,FDR-0059,SUB-013,2024-07-13 08:00,2024-07-13 14:51,6.85,equipment failure,632,recloser,0
OUT-00297,FDR-0059,SUB-013,2024-11-26 09:00,2024-11-26 10:31,1.52,underground cable fault,1367,cable,0
OUT-00298,FDR-0059,SUB-013,2024-07-02 10:00,2024-07-02 17:43,7.73,equipment failure,1455,recloser,0
OUT-00299,FDR-0059,SUB-013,2024-03-02 05:00,2024-03-02 14:05,9.09,dig-in,1407,fuse,0
OUT-00300,FDR-0059,SUB-013,2024-11-05 15:00,2024-11-05 18:19,3.32,dig-in,926,fuse,0
OUT-00301,FDR-0060,SUB-013,2024-05-13 11:00,2024-05-13 18:15,7.26,vehicle accident,487,switch,0
OUT-00302,FDR-0060,SUB-013,2024-03-31 22:00,2024-04-01 05:48,7.8,animal contact,343,recloser,0
OUT-00303,FDR-0060,SUB-013,2024-11-27 23:00,2024-11-28 06:06,7.1,vehicle accident,66,transformer,0
OUT-00304,FDR-0060,SUB-013,2024-06-07 19:00,2024-06-08 06:17,11.29,underground cable fault,60,fuse,0
OUT-00305,FDR-0060,SUB-013,2024-12-15 22:00,2024-12-16 05:22,7.38,equipment failure,121,overhead line,0
OUT-00306,FDR-0060,SUB-013,2024-05-27 00:00,2024-05-27 08:06,8.11,dig-in,390,fuse,0
OUT-00307,FDR-0061,SUB-013,2024-12-28 12:00,2024-12-28 12:22,0.38,vehicle accident,927,transformer,0
OUT-00308,FDR-0061,SUB-013,2024-05-18 21:00,2024-05-19 01:51,4.86,scheduled maintenance,1057,switch,0
OUT-00309,FDR-0061,SUB-013,2024-04-06 14:00,2024-04-06 17:08,3.14,storm damage,382,overhead line,1
OUT-00310,FDR-0061,SUB-013,2024-07-11 15:00,2024-07-12 01:15,10.26,tree contact,685,overhead line,1
OUT-00311,FDR-0061,SUB-013,2024-04-16 01:00,2024-04-16 08:09,7.16,storm damage,560,fuse,1
OUT-00312,FDR-0061,SUB-013,2024-03-03 07:00,2024-03-03 16:23,9.39,scheduled maintenance,148,recloser,0
OUT-00313,FDR-0061,SUB-013,2024-02-02 18:00,2024-02-02 19:27,1.46,equipment failure,799,switch,0
OUT-00314,FDR-0062,SUB-014,2024-10-14 16:00,2024-10-14 21:51,5.86,underground cable fault,1712,transformer,0
OUT-00315,FDR-0062,SUB-014,2024-04-22 21:00,2024-04-23 01:23,4.39,scheduled maintenance,1637,switch,0
OUT-00316,FDR-0063,SUB-014,2024-08-22 05:00,2024-08-22 14:21,9.35,equipment failure,1991,fuse,0
OUT-00317,FDR-0063,SUB-014,2024-07-14 08:00,2024-07-14 19:56,11.94,dig-in,1800,switch,0
OUT-00318,FDR-0063,SUB-014,2024-12-04 08:00,2024-12-04 14:25,6.43,underground cable fault,1389,overhead line,0
OUT-00319,FDR-0063,SUB-014,2024-09-09 18:00,2024-09-09 21:43,3.73,underground cable fault,676,recloser,0
OUT-00320,FDR-0063,SUB-014,2024-05-09 14:00,2024-05-09 21:27,7.46,equipment failure,256,transformer,0
OUT-00321,FDR-0063,SUB-014,2024-09-01 06:00,2024-09-01 09:20,3.34,dig-in,437,recloser,0
OUT-00322,FDR-0063,SUB-014,2024-07-02 16:00,2024-07-02 16:53,0.89,animal contact,350,recloser,0
OUT-00323,FDR-0064,SUB-014,2024-07-10 20:00,2024-07-11 00:58,4.97,overload,94,cable,0
OUT-00324,FDR-0064,SUB-014,2024-09-07 02:00,2024-09-07 11:26,9.44,equipment failure,860,fuse,0
OUT-00325,FDR-0064,SUB-014,2024-09-08 19:00,2024-09-09 00:28,5.47,vehicle accident,1857,cable,0
OUT-00326,FDR-0064,SUB-014,2024-09-10 04:00,2024-09-10 07:51,3.85,equipment failure,231,cable,0
OUT-00327,FDR-0065,SUB-014,2024-05-26 05:00,2024-05-26 10:24,5.4,storm damage,1254,transformer,1
OUT-00328,FDR-0065,SUB-014,2024-11-23 07:00,2024-11-23 08:09,1.15,storm damage,15,recloser,1
OUT-00329,FDR-0065,SUB-014,2024-05-29 02:00,2024-05-29 06:11,4.19,scheduled maintenance,962,overhead line,0
OUT-00330,FDR-0065,SUB-014,2024-04-04 14:00,2024-04-04 15:10,1.17,lightning,1399,cable,1
OUT-00331,FDR-0065,SUB-014,2024-10-15 06:00,2024-10-15 08:30,2.51,overload,240,transformer,0
OUT-00332,FDR-0065,SUB-014,2024-07-25 12:00,2024-07-25 13:10,1.18,scheduled maintenance,1522,cable,0
OUT-00333,FDR-0065,SUB-014,2024-05-22 18:00,2024-05-23 03:34,9.58,lightning,1997,fuse,1
OUT-00334,FDR-0065,SUB-014,2024-03-18 16:00,2024-03-18 22:45,6.75,animal contact,317,switch,0
OUT-00335,FDR-0066,SUB-014,2024-12-27 06:00,2024-12-27 08:13,2.22,dig-in,1906,recloser,0
OUT-00336,FDR-0066,SUB-014,2024-05-11 17:00,2024-05-12 00:09,7.15,tree contact,1322,transformer,1
OUT-00337,FDR-0066,SUB-014,2024-11-24 07:00,2024-11-24 13:38,6.64,dig-in,49,cable,0
OUT-00338,FDR-0066,SUB-014,2024-11-16 12:00,2024-11-16 12:47,0.79,animal contact,1805,switch,0
OUT-00339,FDR-0066,SUB-014,2024-06-12 06:00,2024-06-12 11:18,5.31,animal contact,786,recloser,0
OUT-00340,FDR-0066,SUB-014,2024-09-20 14:00,2024-09-20 21:09,7.16,scheduled maintenance,615,transformer,0
OUT-00341,FDR-0066,SUB-014,2024-01-19 22:00,2024-01-20 05:28,7.47,dig-in,1653,recloser,0
OUT-00342,FDR-0066,SUB-014,2024-10-02 04:00,2024-10-02 04:24,0.4,equipment failure,1632,recloser,0
OUT-00343,FDR-0067,SUB-015,2024-03-25 03:00,2024-03-25 14:24,11.41,overload,759,overhead line,0
OUT-00344,FDR-0067,SUB-015,2024-03-10 09:00,2024-03-10 20:09,11.15,lightning,333,overhead line,1
OUT-00345,FDR-0067,SUB-015,2024-07-25 11:00,2024-07-25 13:55,2.92,dig-in,808,recloser,0
OUT-00346,FDR-0067,SUB-015,2024-04-15 08:00,2024-04-15 11:11,3.19,overload,634,fuse,0
OUT-00347,FDR-0067,SUB-015,2024-12-25 15:00,2024-12-26 01:45,10.76,lightning,238,recloser,1
OUT-00348,FDR-0067,SUB-015,2024-07-07 05:00,2024-07-07 06:06,1.11,animal contact,281,overhead line,0
OUT-00349,FDR-0067,SUB-015,2024-03-03 20:00,2024-03-04 00:03,4.05,overload,688,recloser,0
OUT-00350,FDR-0067,SUB-015,2024-08-28 01:00,2024-08-28 03:38,2.64,lightning,163,fuse,1
OUT-00351,FDR-0068,SUB-015,2024-09-13 09:00,2024-09-13 12:31,3.52,lightning,599,recloser,1
OUT-00352,FDR-0068,SUB-015,2024-03-18 21:00,2024-03-19 01:39,4.66,storm damage,537,switch,1
OUT-00353,FDR-0068,SUB-015,2024-03-06 03:00,2024-03-06 04:31,1.52,lightning,669,recloser,1
OUT-00354,FDR-0068,SUB-015,2024-11-01 04:00,2024-11-01 13:15,9.25,equipment failure,61,switch,0
OUT-00355,FDR-0068,SUB-015,2024-07-02 04:00,2024-07-02 12:08,8.14,vehicle accident,109,cable,0
OUT-00356,FDR-0068,SUB-015,2024-09-04 04:00,2024-09-04 09:03,5.06,dig-in,301,fuse,0
OUT-00357,FDR-0068,SUB-015,2024-11-28 19:00,2024-11-29 00:00,5.01,underground cable fault,713,cable,0
OUT-00358,FDR-0069,SUB-015,2024-07-13 18:00,2024-07-13 22:29,4.49,storm damage,1062,recloser,1
OUT-00359,FDR-0069,SUB-015,2024-04-20 18:00,2024-04-21 05:48,11.81,storm damage,1809,cable,1
OUT-00360,FDR-0069,SUB-015,2024-02-03 09:00,2024-02-03 11:45,2.76,overload,1066,fuse,0
OUT-00361,FDR-0069,SUB-015,2024-07-07 02:00,2024-07-07 11:12,9.21,storm damage,691,cable,1
OUT-00362,FDR-0070,SUB-015,2024-03-30 00:00,2024-03-30 09:17,9.29,tree contact,386,overhead line,1
OUT-00363,FDR-0070,SUB-015,2024-03-22 02:00,2024-03-22 05:12,3.21,scheduled maintenance,399,cable,0
OUT-00364,FDR-0070,SUB-015,2024-07-25 04:00,2024-07-25 09:34,5.57,underground cable fault,851,fuse,0
