bus_name,feeder_id,customer_count,load_kw
bus_FUSE-XFMR-002188,FDR-0008,39,191.89
bus_FUSE-XFMR-008530,FDR-0029,11,71.61
bus_FUSE-XFMR-016620,FDR-0052,15,100.75
bus_XFMR-017592,FDR-0055,17,107.26
bus_FUSE-XFMR-020526,FDR-0064,29,181.22
bus_FUSE-XFMR-013717,FDR-0043,38,257.48
bus_XFMR-006555,FDR-0023,14,82.51
bus_FUSE-XFMR-000040,FDR-0001,42,261.52
bus_XFMR-018760,FDR-0059,39,237.76
bus_FUSE-XFMR-019269,FDR-0061,22,129.23
bus_FUSE-XFMR-014847,FDR-0046,28,140.09
bus_XFMR-009930,FDR-0034,23,122.64
bus_FUSE-XFMR-000431,FDR-0002,43,188.19
bus_FUSE-XFMR-007897,FDR-0028,9,36.43
bus_FUSE-XFMR-014486,FDR-0045,7,34.8
bus_XFMR-019622,FDR-0061,25,124.5
bus_XFMR-012381,FDR-0040,22,126.95
bus_FDR-0051-TAIL,FDR-0051,7,41.38
bus_XFMR-007297,FDR-0027,46,321.24
bus_FUSE-XFMR-006948,FDR-0025,49,288.91
bus_FUSE-XFMR-020289,FDR-0064,21,142.84
bus_XFMR-014721,FDR-0046,3,18.65
bus_FUSE-XFMR-018478,FDR-0058,41,181.81
bus_FUSE-XFMR-012207,FDR-0040,28,146.63
bus_XFMR-017511,FDR-0055,32,202.07
bus_XFMR-006385,FDR-0023,1,5.03
bus_XFMR-008199,FDR-0029,3,13.91
bus_FUSE-XFMR-017336,FDR-0054,7,37.92
bus_FUSE-XFMR-014557,FDR-0046,24,107.36
bus_FUSE-XFMR-001943,FDR-0008,15,84.19
bus_XFMR-009550,FDR-0033,22,96.45
bus_XFMR-011260,FDR-0037,17,109.55
bus_FUSE-XFMR-007467,FDR-0027,38,184.37
bus_XFMR-003784,FDR-0014,6,25.41
bus_XFMR-002441,FDR-0009,45,195.18
bus_XFMR-002848,FDR-0010,29,158.33
bus_XFMR-020266,FDR-0064,39,245.44
bus_XFMR-015344,FDR-0048,17,74.51
bus_XFMR-007913,FDR-0028,8,34.67
bus_XFMR-014986,FDR-0047,31,141.57
bus_FUSE-XFMR-012487,FDR-0040,9,62.87
bus_FUSE-XFMR-010289,FDR-0035,48,264.25
bus_FUSE-XFMR-015516,FDR-0048,39,175.27
bus_XFMR-012142,FDR-0040,31,202.25
bus_XFMR-008753,FDR-0031,33,194.85
bus_FUSE-XFMR-009536,FDR-0033,45,287.57
bus_XFMR-019985,FDR-0063,2,11.1
bus_XFMR-007890,FDR-0028,13,88.25
bus_FUSE-XFMR-021296,FDR-0065,34,201.97
bus_XFMR-010953,FDR-0037,45,282.31
bus_FUSE-XFMR-012521,FDR-0040,18,82.51
bus_XFMR-012143,FDR-0040,31,153.69
bus_FUSE-XFMR-000334,FDR-0002,42,288.49
bus_FUSE-XFMR-017404,FDR-0054,15,79.68
bus_XFMR-015830,FDR-0050,48,231.21
bus_XFMR-010680,FDR-0036,21,88.07
bus_FUSE-XFMR-004659,FDR-0017,1,5.85
bus_XFMR-002397,FDR-0009,22,121.01
bus_XFMR-001233,FDR-0005,41,244.95
bus_FUSE-XFMR-003392,FDR-0012,15,76.93
bus_FUSE-XFMR-003497,FDR-0012,49,318.78
bus_XFMR-009868,FDR-0034,31,153.81
bus_JCT-FDR-0048-008,FDR-0048,25,101.19
bus_XFMR-006542,FDR-0023,49,200.42
bus_FUSE-XFMR-010298,FDR-0035,15,60.51
bus_FUSE-XFMR-010610,FDR-0035,41,189.93
bus_XFMR-012687,FDR-0041,4,27.44
bus_FUSE-XFMR-003118,FDR-0011,2,9.14
bus_XFMR-000480,FDR-0002,35,173.86
bus_XFMR-020688,FDR-0064,17,75.61
bus_FUSE-XFMR-003326,FDR-0012,4,27.98
bus_XFMR-016276,FDR-0051,43,219.27
bus_XFMR-007469,FDR-0027,1,5.76
bus_XFMR-010332,FDR-0035,39,180.81
bus_XFMR-005779,FDR-0021,29,135.7
bus_FUSE-XFMR-020694,FDR-0064,44,290.34
bus_FUSE-XFMR-012614,FDR-0041,1,4.22
bus_XFMR-002038,FDR-0008,12,81.11
bus_XFMR-009873,FDR-0034,9,53.09
bus_FUSE-XFMR-005237,FDR-0019,25,108.05
bus_FUSE-XFMR-001338,FDR-0005,44,261.01
bus_XFMR-011624,FDR-0038,22,144.8
bus_FUSE-XFMR-007625,FDR-0028,50,272.37
bus_FUSE-XFMR-001147,FDR-0005,40,188.98
bus_FUSE-XFMR-000599,FDR-0003,28,163.41
bus_XFMR-004071,FDR-0015,26,120.41
bus_FUSE-XFMR-012362,FDR-0040,49,289.16
bus_FUSE-XFMR-014510,FDR-0045,41,275.51
bus_FUSE-XFMR-011109,FDR-0037,32,214.83
bus_XFMR-000210,FDR-0002,44,202.01
bus_XFMR-011702,FDR-0038,30,169.43
bus_FUSE-XFMR-003726,FDR-0013,23,145.47
bus_XFMR-020042,FDR-0063,24,153.0
bus_FUSE-XFMR-013140,FDR-0042,25,115.62
bus_FUSE-XFMR-018905,FDR-0059,22,131.92
bus_FUSE-XFMR-000882,FDR-0004,37,149.13
bus_FUSE-XFMR-008993,FDR-0031,49,222.44
bus_FUSE-XFMR-002258,FDR-0008,40,217.95
bus_XFMR-000695,FDR-0003,17,81.57
bus_FUSE-XFMR-011305,FDR-0037,50,233.2
bus_FUSE-XFMR-002767,FDR-0010,50,202.44
bus_XFMR-017723,FDR-0056,8,53.51
bus_XFMR-018725,FDR-0059,18,83.85
bus_FUSE-XFMR-005323,FDR-0019,29,186.15
bus_FUSE-XFMR-017402,FDR-0054,30,208.73
bus_XFMR-005401,FDR-0019,30,197.95
bus_XFMR-019244,FDR-0060,47,215.48
bus_FUSE-XFMR-011037,FDR-0037,28,178.38
bus_XFMR-003231,FDR-0011,2,10.73
bus_XFMR-005763,FDR-0021,12,52.04
bus_FUSE-XFMR-012053,FDR-0039,36,224.49
bus_FUSE-XFMR-000448,FDR-0002,23,136.38
bus_XFMR-015092,FDR-0047,9,61.36
bus_XFMR-011356,FDR-0037,9,41.28
bus_XFMR-019462,FDR-0061,26,107.36
bus_FUSE-XFMR-002358,FDR-0009,10,40.8
bus_FUSE-XFMR-016611,FDR-0051,4,27.27
bus_XFMR-016404,FDR-0051,11,71.44
bus_FUSE-XFMR-017277,FDR-0054,50,300.62
bus_FUSE-XFMR-008293,FDR-0029,36,145.94
bus_FUSE-XFMR-012036,FDR-0039,14,83.07
bus_XFMR-002103,FDR-0008,40,183.32
bus_XFMR-019240,FDR-0060,16,68.9
bus_FUSE-XFMR-007538,FDR-0028,27,131.8
bus_XFMR-006595,FDR-0023,28,150.26
bus_XFMR-006349,FDR-0023,13,69.04
bus_XFMR-007819,FDR-0028,14,86.13
bus_XFMR-007962,FDR-0028,6,40.6
bus_XFMR-011330,FDR-0037,28,171.57
bus_FUSE-XFMR-007884,FDR-0028,24,131.7
bus_FUSE-XFMR-000761,FDR-0003,22,130.49
bus_FUSE-XFMR-006875,FDR-0025,22,91.08
bus_XFMR-004063,FDR-0015,15,92.62
bus_XFMR-019568,FDR-0061,4,23.8
bus_FUSE-XFMR-011734,FDR-0038,47,204.5
bus_FUSE-XFMR-004736,FDR-0018,24,123.83
bus_FUSE-XFMR-017691,FDR-0055,31,173.79
bus_FUSE-XFMR-013892,FDR-0043,12,66.53
bus_FUSE-XFMR-020835,FDR-0064,2,13.98
bus_FUSE-XFMR-009510,FDR-0033,32,200.25
bus_FUSE-XFMR-004928,FDR-0018,11,72.46
bus_FUSE-XFMR-013549,FDR-0043,21,89.97
bus_XFMR-011236,FDR-0037,33,163.93
bus_XFMR-019766,FDR-0062,29,116.19
bus_FUSE-XFMR-008849,FDR-0031,2,11.72
bus_XFMR-005539,FDR-0020,38,259.5
bus_XFMR-008548,FDR-0029,13,73.43
bus_FUSE-XFMR-010502,FDR-0035,31,126.99
bus_XFMR-001340,FDR-0005,41,175.3
bus_FUSE-XFMR-006869,FDR-0025,50,228.13
bus_XFMR-003741,FDR-0013,50,262.57
bus_XFMR-017092,FDR-0054,45,268.58
bus_XFMR-005481,FDR-0019,19,121.72
bus_FUSE-XFMR-012826,FDR-0042,43,274.5
bus_FUSE-XFMR-004524,FDR-0016,39,211.85
bus_FUSE-XFMR-008596,FDR-0030,38,161.53
bus_XFMR-018337,FDR-0057,47,320.54
bus_XFMR-010997,FDR-0037,43,216.33
bus_XFMR-008350,FDR-0029,4,18.07
bus_FUSE-XFMR-009769,FDR-0034,24,146.61
bus_FUSE-XFMR-012662,FDR-0041,10,58.04
bus_FUSE-XFMR-011999,FDR-0039,6,33.2
bus_XFMR-015414,FDR-0048,44,189.0
bus_XFMR-014257,FDR-0044,33,143.13
bus_XFMR-009451,FDR-0033,25,115.51
bus_FUSE-XFMR-001759,FDR-0006,15,94.48
bus_XFMR-011517,FDR-0037,30,178.11
bus_XFMR-015815,FDR-0049,4,21.64
bus_FUSE-XFMR-014553,FDR-0045,3,18.25
bus_XFMR-020288,FDR-0064,36,169.77
bus_XFMR-013171,FDR-0042,14,78.79
bus_FUSE-XFMR-015812,FDR-0049,3,16.08
bus_FUSE-XFMR-003518,FDR-0012,44,294.63
bus_XFMR-007343,FDR-0027,48,253.25
bus_XFMR-015725,FDR-0049,17,85.71
bus_FUSE-XFMR-015785,FDR-0049,4,23.13
bus_FUSE-XFMR-019371,FDR-0061,18,80.26
bus_FUSE-XFMR-011466,FDR-0037,17,111.15
bus_XFMR-011755,FDR-0038,17,110.25
bus_XFMR-017451,FDR-0054,3,18.9
bus_FUSE-XFMR-007109,FDR-0026,17,117.9
bus_FUSE-XFMR-012582,FDR-0041,39,204.96
bus_FUSE-XFMR-006770,FDR-0024,43,245.98
bus_XFMR-001422,FDR-0005,16,109.5
bus_XFMR-001343,FDR-0005,29,136.7
bus_FUSE-XFMR-017105,FDR-0054,7,40.86
bus_XFMR-018298,FDR-0057,28,172.91
bus_FUSE-XFMR-016337,FDR-0051,21,123.28
bus_XFMR-000199,FDR-0002,35,175.49
bus_JCT-FDR-0019-008,FDR-0019,26,158.98
bus_XFMR-004257,FDR-0015,18,124.64
bus_XFMR-006168,FDR-0023,21,131.22
bus_XFMR-018208,FDR-0057,20,98.14
bus_XFMR-013853,FDR-0043,19,87.65
bus_XFMR-015824,FDR-0049,38,199.69
bus_FUSE-XFMR-021286,FDR-0065,15,78.41
bus_XFMR-002617,FDR-0010,21,103.96
bus_XFMR-004667,FDR-0017,11,70.78
bus_XFMR-001359,FDR-0005,48,285.88
bus_FUSE-XFMR-002751,FDR-0010,27,183.28
bus_XFMR-011694,FDR-0038,35,156.07
bus_FUSE-XFMR-018589,FDR-0059,20,88.62
bus_FUSE-XFMR-000983,FDR-0004,4,16.01
bus_FUSE-XFMR-001491,FDR-0005,32,200.27
bus_FUSE-XFMR-002936,FDR-0010,26,180.78
bus_XFMR-013656,FDR-0043,27,116.84
bus_XFMR-010867,FDR-0036,18,108.15
bus_XFMR-005833,FDR-0021,2,8.81
bus_FUSE-XFMR-015311,FDR-0048,47,319.67
bus_FUSE-XFMR-005649,FDR-0021,39,185.49
bus_FUSE-XFMR-001529,FDR-0006,33,224.28
bus_XFMR-005267,FDR-0019,42,224.29
bus_FUSE-XFMR-004746,FDR-0018,17,68.22
bus_FUSE-XFMR-009815,FDR-0034,43,199.21
bus_FUSE-XFMR-009946,FDR-0034,33,207.56
bus_XFMR-004133,FDR-0015,6,25.2
bus_JCT-FDR-0011-002,FDR-0011,24,146.36
bus_XFMR-005419,FDR-0019,30,129.54
bus_FUSE-XFMR-015748,FDR-0049,27,116.54
bus_FUSE-XFMR-002119,FDR-0008,3,14.49
bus_FUSE-XFMR-014825,FDR-0046,26,155.7
bus_XFMR-012221,FDR-0040,39,247.13
bus_FUSE-XFMR-015625,FDR-0049,38,214.32
bus_JCT-FDR-0024-004,FDR-0024,25,114.68
bus_FUSE-XFMR-014623,FDR-0046,24,152.93
bus_FUSE-XFMR-018510,FDR-0058,16,79.75
bus_FUSE-XFMR-008578,FDR-0030,42,181.57
bus_XFMR-004420,FDR-0015,21,129.76
bus_FUSE-XFMR-003931,FDR-0015,15,62.05
bus_XFMR-004748,FDR-0018,49,261.87
bus_FUSE-XFMR-019914,FDR-0063,43,289.32
bus_XFMR-000029,FDR-0001,28,125.28
bus_JCT-FDR-0051-003,FDR-0051,15,88.24
bus_FUSE-XFMR-003594,FDR-0012,23,115.85
bus_XFMR-016008,FDR-0050,26,178.98
bus_FUSE-XFMR-005794,FDR-0021,48,244.91
bus_FUSE-XFMR-012935,FDR-0042,5,23.89
bus_XFMR-007267,FDR-0027,6,37.99
bus_FUSE-XFMR-020799,FDR-0064,41,258.58
bus_FUSE-XFMR-000186,FDR-0002,21,109.53
bus_XFMR-010802,FDR-0036,23,118.0
bus_XFMR-019947,FDR-0063,46,312.02
bus_XFMR-001039,FDR-0004,42,239.98
bus_XFMR-004394,FDR-0015,43,223.12
bus_FUSE-XFMR-018769,FDR-0059,5,22.73
bus_FUSE-XFMR-011827,FDR-0039,22,104.38
bus_XFMR-005589,FDR-0020,26,142.73
bus_FUSE-XFMR-001057,FDR-0004,21,121.25
bus_XFMR-002387,FDR-0009,12,57.02
bus_XFMR-014701,FDR-0046,27,175.52
bus_FUSE-XFMR-006710,FDR-0024,17,104.57
bus_XFMR-003614,FDR-0012,29,197.61
bus_XFMR-007523,FDR-0028,37,252.5
bus_FUSE-XFMR-010896,FDR-0036,48,322.27
bus_XFMR-008104,FDR-0028,45,286.09
bus_XFMR-012464,FDR-0040,45,238.12
bus_FUSE-XFMR-017464,FDR-0054,5,27.89
bus_FUSE-XFMR-020904,FDR-0064,7,35.33
bus_TIE-0009,FDR-0043,1,6.86
bus_XFMR-020241,FDR-0064,45,240.35
bus_FUSE-XFMR-003093,FDR-0011,6,30.92
bus_FUSE-XFMR-015472,FDR-0048,27,122.14
bus_FUSE-XFMR-005455,FDR-0019,36,172.07
bus_XFMR-013375,FDR-0043,25,160.85
bus_FUSE-XFMR-008112,FDR-0029,48,192.18
bus_FUSE-XFMR-011714,FDR-0038,26,139.84
bus_FUSE-XFMR-010834,FDR-0036,46,246.02
bus_FUSE-XFMR-019793,FDR-0062,11,47.32
bus_XFMR-016056,FDR-0050,23,137.19
bus_XFMR-011530,FDR-0037,26,134.49
bus_XFMR-018702,FDR-0059,27,161.13
bus_XFMR-021226,FDR-0065,3,18.35
bus_FUSE-XFMR-007701,FDR-0028,26,175.72
bus_XFMR-006777,FDR-0024,45,272.84
bus_FUSE-XFMR-007106,FDR-0026,35,163.28
bus_XFMR-009541,FDR-0033,37,195.59
bus_XFMR-012119,FDR-0040,42,189.72
bus_FUSE-XFMR-004740,FDR-0018,45,287.39
bus_FUSE-XFMR-020717,FDR-0064,11,71.64
bus_XFMR-005872,FDR-0021,18,73.08
bus_XFMR-013271,FDR-0043,17,81.88
bus_FUSE-XFMR-005249,FDR-0019,36,174.48
bus_XFMR-000977,FDR-0004,16,105.89
bus_XFMR-002320,FDR-0009,44,223.59
bus_FUSE-XFMR-007939,FDR-0028,22,147.76
bus_XFMR-015968,FDR-0050,46,222.7
bus_FUSE-XFMR-000928,FDR-0004,16,107.97
bus_XFMR-019288,FDR-0061,20,123.1
bus_XFMR-013269,FDR-0043,30,139.7
bus_FUSE-XFMR-001171,FDR-0005,13,88.85
bus_FUSE-XFMR-002209,FDR-0008,40,207.37
bus_XFMR-019109,FDR-0059,9,59.45
bus_FUSE-XFMR-018606,FDR-0059,42,228.18
bus_XFMR-009510,FDR-0033,21,144.13
bus_FUSE-XFMR-011384,FDR-0037,5,23.96
bus_XFMR-015468,FDR-0048,8,49.95
bus_XFMR-019300,FDR-0061,22,98.18
bus_FUSE-XFMR-008407,FDR-0029,26,126.33
bus_FUSE-XFMR-018117,FDR-0056,12,65.68
bus_XFMR-008397,FDR-0029,30,143.18
bus_XFMR-012059,FDR-0039,31,182.27
bus_XFMR-017049,FDR-0053,27,183.22
bus_FUSE-XFMR-001226,FDR-0005,41,211.03
bus_XFMR-017512,FDR-0055,10,58.61
bus_FUSE-XFMR-018060,FDR-0056,7,34.2
bus_FUSE-XFMR-018918,FDR-0059,36,185.21
bus_XFMR-001031,FDR-0004,42,188.49
bus_XFMR-007726,FDR-0028,42,227.65
bus_FUSE-XFMR-020990,FDR-0064,7,33.16
bus_FUSE-XFMR-009713,FDR-0033,12,75.3
bus_XFMR-011729,FDR-0038,36,242.1
bus_XFMR-005847,FDR-0021,24,120.02
bus_FUSE-XFMR-020428,FDR-0064,1,5.26
bus_XFMR-001860,FDR-0007,10,42.36
bus_FUSE-XFMR-007924,FDR-0028,17,117.13
bus_XFMR-009600,FDR-0033,9,46.34
bus_XFMR-014048,FDR-0043,23,154.16
bus_XFMR-019090,FDR-0059,18,96.09
bus_FUSE-XFMR-005798,FDR-0021,47,247.95
bus_JCT-FDR-0015-004,FDR-0015,7,43.66
bus_FUSE-XFMR-018297,FDR-0057,7,47.72
bus_FUSE-XFMR-011915,FDR-0039,15,68.44
bus_FUSE-XFMR-013271,FDR-0043,19,117.38
bus_FUSE-XFMR-005916,FDR-0021,10,64.25
bus_FUSE-XFMR-002640,FDR-0010,8,47.71
bus_XFMR-009523,FDR-0033,29,168.93
bus_XFMR-019429,FDR-0061,42,218.52
bus_FUSE-XFMR-002982,FDR-0010,31,167.34
bus_FUSE-XFMR-003688,FDR-0012,24,99.53
bus_FUSE-XFMR-017525,FDR-0055,43,217.98
bus_FUSE-XFMR-003172,FDR-0011,40,210.71
bus_XFMR-009553,FDR-0033,43,288.24
bus_XFMR-012827,FDR-0042,46,242.25
bus_FUSE-XFMR-007143,FDR-0026,1,5.39
bus_FUSE-XFMR-020783,FDR-0064,23,103.38
bus_XFMR-008795,FDR-0031,1,6.94
bus_XFMR-006131,FDR-0023,44,293.48
bus_XFMR-003549,FDR-0012,40,188.31
bus_FUSE-XFMR-005459,FDR-0019,35,155.39
bus_XFMR-011690,FDR-0038,11,53.49
bus_XFMR-002951,FDR-0010,5,34.3
bus_XFMR-006256,FDR-0023,31,136.04
bus_XFMR-017352,FDR-0054,8,33.7
bus_FUSE-XFMR-002879,FDR-0010,27,165.9
bus_FUSE-XFMR-016961,FDR-0053,14,97.01
bus_FUSE-XFMR-020272,FDR-0064,45,280.89
bus_XFMR-000481,FDR-0002,6,41.8
bus_FUSE-XFMR-008476,FDR-0029,5,22.5
bus_XFMR-001524,FDR-0006,44,248.85
bus_FUSE-XFMR-012130,FDR-0040,48,233.59
bus_FUSE-XFMR-015362,FDR-0048,8,41.78
bus_FUSE-XFMR-020647,FDR-0064,5,22.6
bus_XFMR-013110,FDR-0042,31,124.87
bus_FUSE-XFMR-016963,FDR-0053,6,38.88
bus_FUSE-XFMR-006358,FDR-0023,16,97.63
bus_XFMR-001018,FDR-0004,8,45.92
bus_XFMR-008896,FDR-0031,32,213.97
bus_XFMR-015142,FDR-0047,3,15.13
bus_FUSE-XFMR-015224,FDR-0047,16,90.85
bus_FUSE-XFMR-000266,FDR-0002,13,55.94
bus_FUSE-XFMR-010293,FDR-0035,31,174.93
bus_JCT-FDR-0054-008,FDR-0054,33,145.46
bus_FUSE-XFMR-014235,FDR-0044,34,193.03
bus_FUSE-XFMR-019641,FDR-0061,30,192.16
bus_XFMR-013933,FDR-0043,28,135.92
bus_XFMR-005713,FDR-0021,26,111.27
bus_XFMR-018867,FDR-0059,8,39.13
bus_XFMR-019239,FDR-0060,15,74.46
bus_FUSE-XFMR-014090,FDR-0044,47,276.43
bus_XFMR-021351,FDR-0065,21,91.82
bus_XFMR-003419,FDR-0012,3,17.12
bus_XFMR-016579,FDR-0051,14,71.49
bus_FUSE-XFMR-020536,FDR-0064,20,112.39
bus_JCT-FDR-0030-006,FDR-0030,24,125.34
bus_XFMR-019238,FDR-0060,28,117.96
bus_FUSE-XFMR-007396,FDR-0027,31,189.01
bus_XFMR-016025,FDR-0050,30,139.48
bus_XFMR-006260,FDR-0023,17,79.2
bus_FUSE-XFMR-016651,FDR-0052,43,177.49
bus_FUSE-XFMR-019342,FDR-0061,35,215.17
bus_XFMR-003590,FDR-0012,11,75.8
bus_FUSE-XFMR-006189,FDR-0023,42,233.36
bus_XFMR-004304,FDR-0015,32,215.85
bus_XFMR-012056,FDR-0039,46,283.57
bus_FUSE-XFMR-018276,FDR-0057,28,176.72
bus_FUSE-XFMR-011952,FDR-0039,16,70.1
bus_FUSE-XFMR-005569,FDR-0020,40,223.88
bus_FUSE-XFMR-008213,FDR-0029,26,104.18
bus_XFMR-010871,FDR-0036,24,117.03
bus_FUSE-XFMR-012970,FDR-0042,32,220.19
bus_XFMR-002561,FDR-0010,37,203.61
bus_XFMR-021272,FDR-0065,38,166.99
bus_XFMR-007359,FDR-0027,13,71.32
bus_FUSE-XFMR-012896,FDR-0042,11,54.42
bus_FUSE-XFMR-021458,FDR-0065,34,155.76
bus_FUSE-XFMR-015079,FDR-0047,32,190.08
bus_XFMR-002350,FDR-0009,7,44.96
bus_XFMR-004723,FDR-0017,41,255.75
bus_FUSE-XFMR-014446,FDR-0045,8,46.41
bus_XFMR-001517,FDR-0006,37,160.99
bus_FUSE-XFMR-015291,FDR-0048,24,142.34
bus_FUSE-XFMR-008080,FDR-0028,26,148.12
bus_FUSE-XFMR-004853,FDR-0018,31,143.41
bus_FUSE-XFMR-002647,FDR-0010,43,199.68
bus_XFMR-018297,FDR-0057,49,276.2
bus_FUSE-XFMR-010125,FDR-0035,25,138.95
bus_XFMR-009931,FDR-0034,36,232.42
bus_XFMR-001668,FDR-0006,47,328.03
bus_FUSE-XFMR-009156,FDR-0032,21,107.75
bus_FUSE-XFMR-011174,FDR-0037,43,200.21
bus_XFMR-003234,FDR-0011,17,81.66
bus_XFMR-007832,FDR-0028,12,83.72
bus_XFMR-006407,FDR-0023,37,156.77
bus_XFMR-015527,FDR-0048,49,288.26
bus_XFMR-005334,FDR-0019,25,117.5
bus_XFMR-016803,FDR-0052,30,182.33
bus_FUSE-XFMR-017396,FDR-0054,4,23.69
bus_XFMR-007396,FDR-0027,7,28.86
bus_XFMR-020498,FDR-0064,7,43.34
bus_FUSE-XFMR-007959,FDR-0028,34,229.13
bus_XFMR-014396,FDR-0045,18,78.5
bus_FUSE-XFMR-012346,FDR-0040,14,80.33
bus_FUSE-XFMR-011215,FDR-0037,42,180.7
bus_FUSE-XFMR-017987,FDR-0056,24,139.54
bus_FUSE-XFMR-020387,FDR-0064,9,49.53
bus_XFMR-007253,FDR-0027,2,9.69
bus_FUSE-XFMR-008657,FDR-0030,28,195.27
bus_FUSE-XFMR-001182,FDR-0005,45,219.7
bus_XFMR-020262,FDR-0064,39,195.91
bus_FUSE-XFMR-008815,FDR-0031,21,142.7
bus_FUSE-XFMR-020572,FDR-0064,27,108.43
bus_XFMR-013446,FDR-0043,42,210.51
bus_FUSE-XFMR-019937,FDR-0063,23,117.94
bus_XFMR-001134,FDR-0005,21,146.0
bus_FUSE-XFMR-019352,FDR-0061,33,191.9
bus_FUSE-XFMR-002191,FDR-0008,18,114.05
bus_XFMR-003301,FDR-0012,25,113.71
bus_XFMR-012342,FDR-0040,35,217.9
bus_FUSE-XFMR-007057,FDR-0025,34,227.11
bus_FUSE-XFMR-005312,FDR-0019,13,82.97
bus_FUSE-XFMR-010395,FDR-0035,41,175.75
bus_FUSE-XFMR-014347,FDR-0044,23,154.56
bus_FUSE-XFMR-003758,FDR-0014,2,11.24
bus_FUSE-XFMR-011855,FDR-0039,14,75.67
bus_FUSE-XFMR-001051,FDR-0004,35,244.45
bus_XFMR-018839,FDR-0059,41,218.08
bus_FUSE-XFMR-014795,FDR-0046,40,190.6
bus_FUSE-XFMR-002611,FDR-0010,30,125.18
bus_FUSE-XFMR-008724,FDR-0030,7,34.78
bus_XFMR-017828,FDR-0056,42,275.23
bus_XFMR-000129,FDR-0002,32,131.08
bus_FUSE-XFMR-007922,FDR-0028,42,170.17
bus_JCT-FDR-0003-002,FDR-0003,45,266.58
bus_FUSE-XFMR-011097,FDR-0037,35,144.28
bus_FUSE-XFMR-010673,FDR-0036,25,110.9
bus_JCT-FDR-0014-005,FDR-0014,12,53.36
bus_FUSE-XFMR-015980,FDR-0050,24,123.62
bus_FUSE-XFMR-003108,FDR-0011,33,206.17
bus_XFMR-011472,FDR-0037,2,9.56
bus_FUSE-XFMR-011848,FDR-0039,33,139.22
bus_FUSE-XFMR-004374,FDR-0015,49,322.82
bus_XFMR-004305,FDR-0015,20,137.79
bus_FUSE-XFMR-007641,FDR-0028,31,180.87
bus_XFMR-013739,FDR-0043,32,206.72
bus_XFMR-009843,FDR-0034,14,66.58
bus_XFMR-013282,FDR-0043,6,34.17
bus_FUSE-XFMR-017913,FDR-0056,8,51.74
bus_XFMR-015882,FDR-0050,12,68.36
bus_FUSE-XFMR-001579,FDR-0006,1,4.4
bus_XFMR-011719,FDR-0038,16,91.28
bus_XFMR-009622,FDR-0033,28,166.4
bus_XFMR-013119,FDR-0042,8,55.44
bus_XFMR-007270,FDR-0027,40,165.47
bus_FUSE-XFMR-004681,FDR-0017,23,115.53
bus_XFMR-000856,FDR-0004,44,179.23
bus_XFMR-011999,FDR-0039,50,232.52
bus_XFMR-005071,FDR-0019,4,19.63
bus_XFMR-019174,FDR-0060,18,106.77
bus_FUSE-XFMR-018333,FDR-0057,34,221.46
bus_FUSE-XFMR-012937,FDR-0042,19,123.4
bus_FUSE-XFMR-017601,FDR-0055,35,194.12
bus_FUSE-XFMR-018027,FDR-0056,31,194.06
bus_FUSE-XFMR-018995,FDR-0059,3,18.38
bus_FUSE-XFMR-007766,FDR-0028,47,204.71
bus_XFMR-000286,FDR-0002,16,64.03
bus_XFMR-003800,FDR-0014,15,85.76
bus_FUSE-XFMR-008122,FDR-0029,2,10.23
bus_XFMR-013146,FDR-0042,30,125.48
bus_XFMR-015537,FDR-0048,42,232.95
bus_FUSE-XFMR-014897,FDR-0046,44,181.46
bus_FUSE-XFMR-016774,FDR-0052,35,166.31
bus_FUSE-XFMR-008677,FDR-0030,33,209.06
bus_FUSE-XFMR-006153,FDR-0023,27,156.62
bus_FUSE-XFMR-002837,FDR-0010,46,200.27
bus_FUSE-XFMR-019607,FDR-0061,35,228.82
bus_XFMR-019539,FDR-0061,25,149.55
bus_FUSE-XFMR-018587,FDR-0059,6,41.91
bus_FUSE-XFMR-003870,FDR-0015,37,220.96
bus_XFMR-011043,FDR-0037,33,202.67
bus_FUSE-XFMR-009949,FDR-0034,11,75.28
bus_XFMR-020663,FDR-0064,1,6.82
bus_FUSE-XFMR-020636,FDR-0064,47,320.74
bus_XFMR-011282,FDR-0037,23,93.06
bus_XFMR-018155,FDR-0056,5,25.5
bus_FUSE-XFMR-014875,FDR-0046,9,54.91
bus_FUSE-XFMR-019777,FDR-0062,1,5.34
bus_XFMR-007184,FDR-0026,25,103.01
bus_XFMR-019934,FDR-0063,38,165.91
bus_XFMR-005118,FDR-0019,37,249.73
bus_XFMR-003484,FDR-0012,42,258.89
bus_XFMR-000089,FDR-0001,36,169.83
bus_XFMR-005282,FDR-0019,33,195.15
bus_FUSE-XFMR-020435,FDR-0064,24,146.42
bus_FUSE-XFMR-006025,FDR-0022,41,215.46
bus_XFMR-006782,FDR-0024,6,28.76
bus_XFMR-018923,FDR-0059,23,160.48
bus_XFMR-016881,FDR-0053,14,64.67
bus_XFMR-020486,FDR-0064,28,121.53
bus_XFMR-015449,FDR-0048,40,247.21
bus_FUSE-XFMR-015840,FDR-0050,38,218.22
bus_FUSE-XFMR-012992,FDR-0042,10,67.5
bus_XFMR-015854,FDR-0050,44,241.89
bus_XFMR-005843,FDR-0021,21,103.98
bus_FUSE-XFMR-015423,FDR-0048,13,75.09
bus_XFMR-004958,FDR-0018,20,128.45
bus_XFMR-004129,FDR-0015,5,24.08
bus_XFMR-020109,FDR-0063,2,10.15
bus_FUSE-XFMR-020655,FDR-0064,24,112.19
bus_FUSE-XFMR-019616,FDR-0061,16,81.62
bus_FUSE-XFMR-009825,FDR-0034,13,87.26
bus_FUSE-XFMR-019198,FDR-0060,18,79.71
bus_FUSE-XFMR-004625,FDR-0016,38,222.99
bus_FUSE-XFMR-003343,FDR-0012,48,313.55
bus_FUSE-XFMR-011662,FDR-0038,34,148.11
bus_XFMR-007506,FDR-0027,4,26.42
bus_FUSE-XFMR-013854,FDR-0043,4,22.21
bus_FUSE-XFMR-005986,FDR-0022,37,210.56
bus_XFMR-017633,FDR-0055,4,27.92
bus_XFMR-001531,FDR-0006,45,284.27
bus_XFMR-020153,FDR-0063,42,285.57
bus_FUSE-XFMR-001367,FDR-0005,38,230.49
bus_FUSE-XFMR-013561,FDR-0043,20,88.16
bus_FUSE-XFMR-004101,FDR-0015,38,184.22
bus_FUSE-XFMR-001849,FDR-0007,29,168.49
bus_XFMR-012656,FDR-0041,25,129.22
bus_FUSE-XFMR-012101,FDR-0040,42,180.9
bus_FUSE-XFMR-009617,FDR-0033,26,132.53
bus_XFMR-002047,FDR-0008,5,24.62
bus_FUSE-XFMR-003223,FDR-0011,11,59.69
bus_FUSE-XFMR-017555,FDR-0055,18,120.15
bus_FUSE-XFMR-005045,FDR-0018,20,130.77
bus_FUSE-XFMR-016244,FDR-0050,7,35.65
bus_FUSE-XFMR-003939,FDR-0015,4,27.54
bus_XFMR-006109,FDR-0023,30,185.49
bus_XFMR-019705,FDR-0062,18,110.17
bus_XFMR-003338,FDR-0012,10,67.72
bus_XFMR-009137,FDR-0032,23,135.95
bus_XFMR-001286,FDR-0005,34,216.03
bus_FUSE-XFMR-017758,FDR-0056,37,187.64
bus_FUSE-XFMR-013540,FDR-0043,15,103.17
bus_XFMR-017716,FDR-0056,19,84.29
bus_FUSE-XFMR-013960,FDR-0043,23,133.48
bus_XFMR-008384,FDR-0029,31,196.71
bus_XFMR-008838,FDR-0031,26,116.14
bus_XFMR-015209,FDR-0047,18,104.53
bus_XFMR-002410,FDR-0009,33,169.89
bus_JCT-FDR-0059-007,FDR-0059,4,21.35
bus_FUSE-XFMR-013034,FDR-0042,7,38.47
bus_FUSE-XFMR-003357,FDR-0012,26,165.06
bus_FUSE-XFMR-015670,FDR-0049,34,152.59
bus_FUSE-XFMR-005540,FDR-0020,7,30.05
bus_XFMR-016027,FDR-0050,8,42.16
bus_FUSE-XFMR-005988,FDR-0022,41,190.0
bus_FUSE-XFMR-015107,FDR-0047,15,84.73
bus_XFMR-001426,FDR-0005,24,165.26
bus_FUSE-XFMR-008844,FDR-0031,18,76.86
bus_XFMR-012232,FDR-0040,19,128.52
bus_XFMR-008611,FDR-0030,16,95.81
bus_FUSE-XFMR-015969,FDR-0050,34,166.62
bus_FUSE-XFMR-018467,FDR-0058,22,114.54
bus_FUSE-XFMR-002568,FDR-0010,18,88.74
bus_XFMR-014125,FDR-0044,44,222.93
bus_FUSE-XFMR-021072,FDR-0065,29,154.63
bus_FUSE-XFMR-011989,FDR-0039,37,226.12
bus_XFMR-012592,FDR-0041,21,134.6
bus_XFMR-006918,FDR-0025,31,133.74
bus_XFMR-001937,FDR-0008,50,313.11
bus_XFMR-010360,FDR-0035,14,84.98
bus_FUSE-XFMR-003028,FDR-0011,27,160.18
bus_XFMR-000528,FDR-0003,15,71.99
bus_FUSE-XFMR-013365,FDR-0043,16,83.76
bus_FUSE-XFMR-008522,FDR-0029,33,195.37
bus_XFMR-021414,FDR-0065,24,150.97
bus_FUSE-XFMR-002280,FDR-0008,14,62.39
bus_FUSE-XFMR-020591,FDR-0064,24,102.79
bus_FUSE-XFMR-020041,FDR-0063,19,99.64
bus_XFMR-006847,FDR-0025,2,13.71
bus_XFMR-000310,FDR-0002,36,153.47
bus_FUSE-XFMR-014089,FDR-0044,15,68.01
bus_FUSE-XFMR-019443,FDR-0061,17,110.86
bus_FUSE-XFMR-001077,FDR-0004,22,137.67
bus_FUSE-XFMR-020146,FDR-0063,40,269.12
bus_XFMR-013697,FDR-0043,26,176.97
bus_FUSE-XFMR-002026,FDR-0008,7,28.06
bus_FUSE-XFMR-018739,FDR-0059,26,118.26
bus_FUSE-XFMR-018923,FDR-0059,34,179.59
bus_XFMR-018109,FDR-0056,38,220.03
bus_FUSE-XFMR-001684,FDR-0006,29,176.15
bus_XFMR-007893,FDR-0028,11,58.66
bus_FUSE-XFMR-005960,FDR-0022,2,11.64
bus_XFMR-014856,FDR-0046,18,86.38
bus_FUSE-XFMR-012145,FDR-0040,33,209.65
bus_FUSE-XFMR-003372,FDR-0012,28,134.49
bus_XFMR-001345,FDR-0005,46,253.09
bus_XFMR-008197,FDR-0029,8,37.4
bus_XFMR-020862,FDR-0064,50,229.63
bus_FUSE-XFMR-014371,FDR-0044,4,18.5
bus_FUSE-XFMR-016853,FDR-0053,38,259.77
bus_XFMR-018508,FDR-0058,26,173.23
bus_XFMR-015238,FDR-0048,23,144.78
bus_FUSE-XFMR-017424,FDR-0054,31,176.83
bus_XFMR-017687,FDR-0055,42,231.31
bus_XFMR-007521,FDR-0028,17,88.2
bus_XFMR-005405,FDR-0019,39,187.3
bus_XFMR-004436,FDR-0015,1,4.17
bus_XFMR-017784,FDR-0056,37,215.19
bus_XFMR-012475,FDR-0040,6,27.03
bus_XFMR-001300,FDR-0005,27,186.73
bus_XFMR-006050,FDR-0022,35,187.6
bus_FUSE-XFMR-009700,FDR-0033,36,251.33
bus_XFMR-000117,FDR-0002,3,17.02
bus_XFMR-007400,FDR-0027,31,196.28
bus_XFMR-015103,FDR-0047,24,156.58
bus_XFMR-018100,FDR-0056,47,267.59
bus_FUSE-XFMR-018271,FDR-0057,37,161.28
bus_FUSE-XFMR-008952,FDR-0031,48,195.9
bus_XFMR-012695,FDR-0041,49,233.4
bus_XFMR-007577,FDR-0028,35,146.21
bus_FUSE-XFMR-006402,FDR-0023,21,108.76
bus_XFMR-009039,FDR-0031,20,125.04
bus_FUSE-XFMR-007268,FDR-0027,26,128.1
bus_XFMR-009096,FDR-0032,48,224.81
bus_XFMR-021336,FDR-0065,44,215.6
bus_FUSE-XFMR-012343,FDR-0040,6,28.42
bus_XFMR-007324,FDR-0027,19,120.49
bus_XFMR-013308,FDR-0043,45,231.88
bus_FUSE-XFMR-018063,FDR-0056,17,85.54
bus_FUSE-XFMR-020116,FDR-0063,14,92.15
bus_XFMR-002647,FDR-0010,46,216.76
bus_XFMR-017006,FDR-0053,20,133.98
bus_XFMR-000740,FDR-0003,34,185.61
bus_FUSE-XFMR-019506,FDR-0061,48,278.66
bus_FUSE-XFMR-010594,FDR-0035,4,16.32
bus_JCT-FDR-0055-008,FDR-0055,45,264.24
bus_XFMR-004898,FDR-0018,23,155.54
bus_FUSE-XFMR-014203,FDR-0044,24,121.44
bus_XFMR-020146,FDR-0063,5,33.05
bus_XFMR-016905,FDR-0053,38,250.87
bus_FUSE-XFMR-000527,FDR-0003,26,179.5
bus_FUSE-XFMR-019629,FDR-0061,13,82.31
bus_FUSE-XFMR-006237,FDR-0023,1,4.34
bus_FUSE-XFMR-010727,FDR-0036,50,282.15
bus_FUSE-XFMR-018834,FDR-0059,45,231.59
bus_FUSE-XFMR-004055,FDR-0015,31,136.14
bus_FUSE-XFMR-002618,FDR-0010,15,75.83
bus_FUSE-XFMR-000420,FDR-0002,49,247.09
bus_XFMR-009417,FDR-0033,11,62.43
bus_XFMR-000729,FDR-0003,10,63.12
bus_FUSE-XFMR-016018,FDR-0050,11,62.19
bus_FUSE-XFMR-004405,FDR-0015,29,138.42
bus_FUSE-XFMR-007631,FDR-0028,8,45.3
bus_FUSE-XFMR-008837,FDR-0031,32,207.36
bus_FUSE-XFMR-020102,FDR-0063,23,99.37
bus_FUSE-XFMR-000969,FDR-0004,29,193.12
bus_XFMR-001563,FDR-0006,25,145.98
bus_XFMR-008484,FDR-0029,31,190.73
bus_FUSE-XFMR-013733,FDR-0043,17,79.31
bus_XFMR-017868,FDR-0056,9,43.11
bus_FUSE-XFMR-018359,FDR-0057,2,13.77
bus_XFMR-005501,FDR-0019,41,266.59
bus_FUSE-XFMR-012222,FDR-0040,6,34.09
bus_FUSE-XFMR-013151,FDR-0042,45,204.82
bus_FUSE-XFMR-005057,FDR-0019,3,20.5
bus_XFMR-013537,FDR-0043,45,255.22
bus_XFMR-006138,FDR-0023,3,21.0
bus_FUSE-XFMR-014518,FDR-0045,15,85.0
bus_FUSE-XFMR-019945,FDR-0063,4,26.47
bus_XFMR-003842,FDR-0015,47,203.32
bus_FUSE-XFMR-010967,FDR-0037,3,14.1
bus_FUSE-XFMR-010213,FDR-0035,6,34.73
bus_XFMR-001529,FDR-0006,12,63.07
bus_XFMR-008601,FDR-0030,35,198.74
bus_XFMR-006461,FDR-0023,3,15.39
bus_FUSE-XFMR-003583,FDR-0012,36,206.16
bus_FUSE-XFMR-011290,FDR-0037,34,171.91
bus_FUSE-XFMR-018658,FDR-0059,42,255.01
bus_FUSE-XFMR-015177,FDR-0047,28,186.15
bus_FUSE-XFMR-009749,FDR-0034,35,189.78
bus_FUSE-XFMR-014664,FDR-0046,19,103.23
bus_FUSE-XFMR-014204,FDR-0044,35,174.6
bus_XFMR-013413,FDR-0043,8,46.13
bus_FUSE-XFMR-014727,FDR-0046,1,4.99
bus_XFMR-007528,FDR-0028,30,136.63
bus_FUSE-XFMR-007167,FDR-0026,13,65.28
bus_FUSE-XFMR-002228,FDR-0008,37,161.27
bus_FUSE-XFMR-016733,FDR-0052,13,60.73
bus_FUSE-XFMR-012401,FDR-0040,41,178.64
bus_XFMR-004471,FDR-0016,7,30.84
bus_XFMR-002273,FDR-0008,29,174.88
bus_XFMR-002905,FDR-0010,24,162.4
bus_FUSE-XFMR-009154,FDR-0032,17,84.31
bus_XFMR-007436,FDR-0027,34,202.18
bus_FUSE-XFMR-001882,FDR-0007,41,181.49
bus_FUSE-XFMR-002709,FDR-0010,7,43.72
bus_FUSE-XFMR-012195,FDR-0040,3,20.59
bus_XFMR-010099,FDR-0035,12,81.79
bus_FUSE-XFMR-006545,FDR-0023,33,202.93
bus_FUSE-XFMR-019337,FDR-0061,6,41.82
bus_FUSE-XFMR-004406,FDR-0015,37,153.57
bus_FUSE-XFMR-004936,FDR-0018,44,239.84
bus_FUSE-XFMR-020079,FDR-0063,12,68.63
bus_XFMR-006049,FDR-0022,22,152.92
bus_FUSE-XFMR-018049,FDR-0056,34,167.28
bus_XFMR-017495,FDR-0055,16,88.6
bus_FUSE-XFMR-019831,FDR-0062,30,166.67
bus_FUSE-XFMR-004360,FDR-0015,22,129.88
bus_XFMR-016720,FDR-0052,34,225.08
bus_XFMR-017108,FDR-0054,50,203.46
bus_XFMR-012638,FDR-0041,50,299.19
bus_XFMR-005181,FDR-0019,37,171.73
bus_FUSE-XFMR-014898,FDR-0046,11,63.5
bus_XFMR-015457,FDR-0048,29,130.2
bus_XFMR-003311,FDR-0012,39,168.99
bus_FUSE-XFMR-018954,FDR-0059,49,235.83
bus_XFMR-006280,FDR-0023,3,16.52
bus_FUSE-XFMR-002981,FDR-0010,19,118.16
bus_FUSE-XFMR-017544,FDR-0055,36,153.1
bus_FUSE-XFMR-014479,FDR-0045,14,64.11
bus_XFMR-008766,FDR-0031,32,195.52
bus_XFMR-007761,FDR-0028,31,155.06
bus_FUSE-XFMR-017449,FDR-0054,31,147.86
bus_FUSE-XFMR-013606,FDR-0043,17,109.92
bus_FUSE-XFMR-011695,FDR-0038,37,213.6
bus_FUSE-XFMR-016608,FDR-0051,44,270.07
bus_XFMR-003655,FDR-0012,25,102.69
bus_FUSE-XFMR-001228,FDR-0005,28,127.47
bus_FUSE-XFMR-013174,FDR-0042,20,132.43
bus_XFMR-000255,FDR-0002,20,115.66
bus_FUSE-XFMR-021006,FDR-0064,18,104.09
bus_XFMR-008657,FDR-0030,28,126.58
bus_XFMR-017143,FDR-0054,24,124.25
bus_FUSE-XFMR-013944,FDR-0043,9,47.27
bus_XFMR-020388,FDR-0064,32,140.41
bus_FUSE-XFMR-004451,FDR-0015,39,182.26
bus_XFMR-007057,FDR-0025,44,176.77
bus_FUSE-XFMR-015493,FDR-0048,39,214.87
bus_FUSE-XFMR-012562,FDR-0041,47,322.22
bus_XFMR-000285,FDR-0002,19,91.82
bus_FUSE-XFMR-013559,FDR-0043,5,26.99
bus_XFMR-012218,FDR-0040,10,62.31
bus_FUSE-XFMR-004367,FDR-0015,42,229.81
bus_FUSE-XFMR-014182,FDR-0044,35,163.36
bus_FUSE-XFMR-020796,FDR-0064,47,284.02
bus_FUSE-XFMR-013858,FDR-0043,34,192.96
bus_FUSE-XFMR-014029,FDR-0043,20,92.8
bus_XFMR-005322,FDR-0019,24,106.82
bus_FUSE-XFMR-001694,FDR-0006,33,225.45
bus_XFMR-006456,FDR-0023,33,171.03
bus_FUSE-XFMR-008423,FDR-0029,4,25.79
bus_FUSE-XFMR-005899,FDR-0021,16,66.65
bus_FUSE-XFMR-015804,FDR-0049,43,206.95
bus_JCT-FDR-0056-006,FDR-0056,3,15.28
bus_XFMR-011294,FDR-0037,49,237.57
bus_FUSE-XFMR-016629,FDR-0052,14,94.36
bus_FUSE-XFMR-012942,FDR-0042,28,120.94
bus_XFMR-006196,FDR-0023,15,89.69
bus_XFMR-013488,FDR-0043,25,110.96
bus_FUSE-XFMR-019230,FDR-0060,39,239.49
bus_FUSE-XFMR-019676,FDR-0062,22,146.09
bus_FUSE-XFMR-017955,FDR-0056,47,290.25
bus_XFMR-017556,FDR-0055,16,109.9
bus_FUSE-XFMR-005086,FDR-0019,19,99.64
bus_FUSE-XFMR-001607,FDR-0006,46,260.48
bus_XFMR-010811,FDR-0036,34,210.11
bus_XFMR-002566,FDR-0010,20,82.3
bus_XFMR-004102,FDR-0015,27,112.17
bus_XFMR-003411,FDR-0012,31,133.92
bus_FUSE-XFMR-008257,FDR-0029,8,40.35
bus_FUSE-XFMR-020051,FDR-0063,48,217.73
bus_FUSE-XFMR-000804,FDR-0003,25,162.87
bus_XFMR-008831,FDR-0031,41,234.5
bus_FUSE-XFMR-012852,FDR-0042,30,143.03
bus_XFMR-019079,FDR-0059,18,107.64
bus_FUSE-XFMR-013961,FDR-0043,40,253.87
bus_XFMR-008757,FDR-0031,40,202.2
bus_FUSE-XFMR-013726,FDR-0043,2,11.46
bus_FUSE-XFMR-017642,FDR-0055,3,13.93
bus_XFMR-013433,FDR-0043,15,73.82
bus_FUSE-XFMR-004260,FDR-0015,22,119.4
bus_FUSE-XFMR-006871,FDR-0025,18,119.53
bus_FUSE-XFMR-006825,FDR-0025,34,154.66
bus_FUSE-XFMR-019187,FDR-0060,39,246.49
bus_FUSE-XFMR-017493,FDR-0055,37,177.25
bus_FUSE-XFMR-020075,FDR-0063,43,212.92
bus_FUSE-XFMR-003674,FDR-0012,12,74.48
bus_FUSE-XFMR-000980,FDR-0004,15,66.91
bus_FUSE-XFMR-007863,FDR-0028,30,173.01
bus_XFMR-011204,FDR-0037,15,83.69
bus_FUSE-XFMR-005320,FDR-0019,33,202.65
bus_XFMR-017840,FDR-0056,8,33.79
bus_FUSE-XFMR-016494,FDR-0051,35,244.23
bus_XFMR-017410,FDR-0054,48,309.95
bus_XFMR-019575,FDR-0061,28,138.93
bus_FUSE-XFMR-001522,FDR-0006,45,305.52
bus_FUSE-XFMR-010346,FDR-0035,4,25.4
bus_XFMR-004002,FDR-0015,34,168.83
bus_XFMR-017287,FDR-0054,31,194.74
bus_XFMR-020320,FDR-0064,39,184.01
bus_FUSE-XFMR-001551,FDR-0006,42,198.85
bus_FUSE-XFMR-008814,FDR-0031,30,157.94
bus_FUSE-XFMR-016522,FDR-0051,22,94.08
bus_XFMR-019563,FDR-0061,12,62.84
bus_XFMR-014901,FDR-0046,5,32.19
bus_XFMR-006532,FDR-0023,28,194.71
bus_XFMR-007898,FDR-0028,35,192.51
bus_FUSE-XFMR-013389,FDR-0043,15,86.0
bus_FUSE-XFMR-011642,FDR-0038,50,273.94
bus_FUSE-XFMR-001356,FDR-0005,44,202.7
bus_FUSE-XFMR-000162,FDR-0002,43,259.57
bus_XFMR-010253,FDR-0035,22,112.75
bus_XFMR-008058,FDR-0028,11,51.02
bus_FUSE-XFMR-001082,FDR-0004,1,4.38
bus_FUSE-XFMR-011334,FDR-0037,21,93.33
bus_FUSE-XFMR-000694,FDR-0003,45,306.97
bus_FUSE-XFMR-020295,FDR-0064,21,115.8
bus_XFMR-013745,FDR-0043,3,13.07
bus_FUSE-XFMR-011359,FDR-0037,31,159.35
bus_XFMR-012455,FDR-0040,17,84.09
bus_FUSE-XFMR-015099,FDR-0047,22,96.77
bus_FUSE-XFMR-011000,FDR-0037,8,55.26
bus_FUSE-XFMR-001090,FDR-0004,14,77.76
bus_XFMR-002825,FDR-0010,22,144.62
bus_FUSE-XFMR-016159,FDR-0050,27,137.79
bus_XFMR-001538,FDR-0006,31,126.81
bus_FUSE-XFMR-003265,FDR-0011,23,145.99
bus_XFMR-000782,FDR-0003,39,205.68
bus_XFMR-007192,FDR-0026,5,22.38
bus_FUSE-XFMR-013776,FDR-0043,8,50.22
bus_FUSE-XFMR-005409,FDR-0019,44,246.46
bus_FUSE-XFMR-006009,FDR-0022,21,127.17
bus_FUSE-XFMR-000522,FDR-0003,29,181.61
bus_XFMR-011742,FDR-0038,30,157.7
bus_XFMR-002427,FDR-0009,19,92.38
bus_FUSE-XFMR-010957,FDR-0037,37,206.58
bus_FUSE-XFMR-001989,FDR-0008,13,89.73
bus_XFMR-010850,FDR-0036,1,6.91
bus_XFMR-004021,FDR-0015,41,218.82
bus_FUSE-XFMR-018598,FDR-0059,15,86.83
bus_FUSE-XFMR-010569,FDR-0035,1,4.77
bus_FUSE-XFMR-009802,FDR-0034,48,246.94
bus_FUSE-XFMR-018666,FDR-0059,8,34.34
bus_FUSE-XFMR-011617,FDR-0038,27,156.97
bus_FUSE-XFMR-013809,FDR-0043,30,200.27
bus_XFMR-001682,FDR-0006,2,12.4
bus_FUSE-XFMR-007048,FDR-0025,38,181.06
bus_XFMR-008528,FDR-0029,17,77.82
bus_XFMR-014969,FDR-0047,42,254.03
bus_FUSE-XFMR-009323,FDR-0032,23,127.49
bus_XFMR-003316,FDR-0012,50,279.12
bus_FUSE-XFMR-020339,FDR-0064,8,38.21
bus_FUSE-XFMR-015575,FDR-0048,11,75.4
bus_XFMR-000477,FDR-0002,19,87.62
bus_FUSE-XFMR-014751,FDR-0046,28,116.94
bus_XFMR-005229,FDR-0019,40,217.72
bus_XFMR-011697,FDR-0038,12,83.28
bus_XFMR-017803,FDR-0056,38,259.66
bus_FUSE-XFMR-009718,FDR-0033,25,123.15
bus_FUSE-XFMR-007667,FDR-0028,17,80.78
bus_XFMR-000995,FDR-0004,30,147.52
bus_FUSE-XFMR-011610,FDR-0038,1,5.37
bus_FUSE-XFMR-004791,FDR-0018,45,291.29
bus_FUSE-XFMR-017775,FDR-0056,36,249.78
bus_XFMR-019099,FDR-0059,34,194.5
bus_FUSE-XFMR-011117,FDR-0037,45,308.22
bus_XFMR-011527,FDR-0037,37,221.16
bus_FUSE-XFMR-008833,FDR-0031,12,71.23
bus_XFMR-017940,FDR-0056,9,47.58
bus_XFMR-018411,FDR-0058,50,216.19
bus_XFMR-000604,FDR-0003,3,13.09
bus_FUSE-XFMR-004472,FDR-0016,36,157.92
bus_XFMR-017998,FDR-0056,44,247.99
bus_XFMR-012925,FDR-0042,29,162.89
bus_XFMR-015191,FDR-0047,44,265.51
bus_FUSE-XFMR-013650,FDR-0043,38,181.86
bus_XFMR-006170,FDR-0023,27,144.81
bus_XFMR-001991,FDR-0008,35,214.54
bus_FUSE-XFMR-017163,FDR-0054,4,19.99
bus_FUSE-XFMR-010004,FDR-0034,18,111.23
bus_FUSE-XFMR-009813,FDR-0034,8,48.81
bus_FUSE-XFMR-020287,FDR-0064,6,31.82
bus_FUSE-XFMR-005723,FDR-0021,5,30.46
bus_XFMR-017684,FDR-0055,38,233.45
bus_XFMR-019511,FDR-0061,2,13.32
bus_JCT-FDR-0059-006,FDR-0059,32,192.15
bus_JCT-FDR-0032-005,FDR-0032,21,133.33
bus_FUSE-XFMR-006522,FDR-0023,28,180.24
bus_FUSE-XFMR-020108,FDR-0063,5,31.23
bus_XFMR-020584,FDR-0064,24,110.79
bus_FUSE-XFMR-012978,FDR-0042,41,177.93
bus_XFMR-010340,FDR-0035,4,16.74
bus_FUSE-XFMR-019554,FDR-0061,43,248.64
bus_FUSE-XFMR-007019,FDR-0025,10,54.18
bus_FUSE-XFMR-009175,FDR-0032,21,108.39
bus_FUSE-XFMR-008184,FDR-0029,16,109.31
bus_XFMR-016678,FDR-0052,44,180.24
bus_XFMR-012449,FDR-0040,29,143.72
bus_XFMR-018428,FDR-0058,12,68.05
bus_XFMR-016342,FDR-0051,8,37.22
bus_FUSE-XFMR-017962,FDR-0056,36,164.13
bus_XFMR-002161,FDR-0008,38,216.92
bus_FUSE-XFMR-015387,FDR-0048,22,141.31
bus_FUSE-XFMR-015051,FDR-0047,14,85.19
bus_XFMR-010495,FDR-0035,19,107.39
bus_XFMR-007164,FDR-0026,24,107.99
bus_XFMR-015521,FDR-0048,44,261.77
bus_FUSE-XFMR-002888,FDR-0010,32,217.7
bus_XFMR-018248,FDR-0057,43,180.09
bus_FUSE-XFMR-010793,FDR-0036,17,68.31
bus_XFMR-007700,FDR-0028,3,16.53
bus_XFMR-000889,FDR-0004,18,87.5
bus_XFMR-012467,FDR-0040,5,23.95
bus_XFMR-012839,FDR-0042,32,171.23
bus_XFMR-018242,FDR-0057,21,145.24
bus_XFMR-019725,FDR-0062,3,17.22
bus_XFMR-012822,FDR-0042,25,139.39
bus_FUSE-XFMR-008435,FDR-0029,4,24.82
bus_FUSE-XFMR-013312,FDR-0043,35,158.73
bus_FUSE-XFMR-019627,FDR-0061,39,233.24
bus_XFMR-010952,FDR-0037,30,171.6
bus_FUSE-XFMR-005514,FDR-0020,31,179.5
bus_XFMR-002771,FDR-0010,2,8.45
bus_FUSE-XFMR-013278,FDR-0043,48,249.74
bus_XFMR-005612,FDR-0020,43,190.25
bus_XFMR-012844,FDR-0042,11,52.17
bus_FUSE-XFMR-020231,FDR-0064,3,14.2
bus_FUSE-XFMR-002288,FDR-0009,18,97.08
bus_FUSE-XFMR-021364,FDR-0065,1,4.29
bus_XFMR-008086,FDR-0028,5,25.5
bus_FUSE-XFMR-018061,FDR-0056,24,120.31
bus_FDR-0045-HEAD,FDR-0045,8,41.96
bus_XFMR-020715,FDR-0064,22,133.86
bus_FUSE-XFMR-004024,FDR-0015,2,11.03
bus_XFMR-020495,FDR-0064,44,259.54
bus_FUSE-XFMR-021054,FDR-0065,14,82.77
bus_XFMR-004059,FDR-0015,48,335.26
bus_FUSE-XFMR-008602,FDR-0030,16,107.92
bus_XFMR-016877,FDR-0053,44,208.18
bus_XFMR-002655,FDR-0010,14,93.0
bus_XFMR-010532,FDR-0035,17,89.43
bus_XFMR-012251,FDR-0040,33,190.88
bus_FUSE-XFMR-006364,FDR-0023,2,11.46
bus_FUSE-XFMR-002813,FDR-0010,23,98.06
bus_XFMR-013177,FDR-0042,12,71.55
bus_FUSE-XFMR-005604,FDR-0020,10,64.14
bus_FUSE-XFMR-001033,FDR-0004,22,140.52
bus_FUSE-XFMR-015964,FDR-0050,19,93.88
bus_XFMR-006078,FDR-0023,39,241.76
bus_XFMR-020627,FDR-0064,5,25.93
bus_FUSE-XFMR-018936,FDR-0059,5,31.72
bus_XFMR-008591,FDR-0030,19,93.91
bus_XFMR-000496,FDR-0003,8,54.09
bus_FUSE-XFMR-011539,FDR-0037,38,174.62
bus_FUSE-XFMR-015240,FDR-0048,29,184.96
bus_FUSE-XFMR-000696,FDR-0003,18,125.41
bus_FUSE-XFMR-018751,FDR-0059,47,326.28
bus_XFMR-003654,FDR-0012,32,212.49
bus_FUSE-XFMR-016691,FDR-0052,16,106.55
bus_FUSE-XFMR-012510,FDR-0040,40,177.14
bus_FUSE-XFMR-014525,FDR-0045,8,36.32
bus_FUSE-XFMR-007038,FDR-0025,26,109.33
bus_XFMR-007235,FDR-0027,37,207.36
bus_FUSE-XFMR-011638,FDR-0038,38,172.25
bus_FUSE-XFMR-020301,FDR-0064,16,109.87
bus_FUSE-XFMR-017485,FDR-0054,14,58.85
bus_FUSE-XFMR-003476,FDR-0012,31,214.52
bus_FUSE-XFMR-011438,FDR-0037,44,301.77
bus_FUSE-XFMR-014638,FDR-0046,38,263.44
bus_FUSE-XFMR-018580,FDR-0059,12,80.11
bus_XFMR-013905,FDR-0043,29,141.57
bus_XFMR-012515,FDR-0040,50,302.68
bus_XFMR-004788,FDR-0018,22,133.29
bus_XFMR-000890,FDR-0004,45,216.23
bus_FUSE-XFMR-021521,FDR-0065,45,237.84
bus_XFMR-014622,FDR-0046,5,27.66
bus_XFMR-018388,FDR-0058,20,89.7
bus_XFMR-007465,FDR-0027,39,265.78
bus_XFMR-017340,FDR-0054,44,231.52
bus_XFMR-018047,FDR-0056,9,59.43
bus_XFMR-010792,FDR-0036,20,124.91
bus_XFMR-001472,FDR-0005,31,210.57
